currency,country,daily_budget_low,daily_budget_high
AED,US,45,120
AED,CH,40,105
AED,AU,35,95
AED,GB,30,80
AED,DE,30,80
AED,DK,30,75
AED,AT,20,65
AED,NO,25,70
AED,CA,25,80
AED,NL,30,75
AED,SE,25,60
AED,IE,25,60
AED,BE,20,60
AED,FI,15,45
AED,FR,20,50
AED,NZ,20,60
AED,HK,20,50
AED,CZ,15,40
AED,SK,15,35
AED,AE,15,50
AED,SG,20,60
AED,IL,15,40
AED,KW,10,40
AED,IT,10,30
AED,JP,15,40
AED,ES,10,30
AED,VE,5,25
AED,HU,10,25
AED,PT,10,25
AED,GR,15,25
AED,KR,15,40
AED,TW,15,35
AED,PL,10,25
AED,ZM,5,10
AED,PR,5,35
AED,CI,5,10
AED,RO,10,25
AED,BH,5,25
AED,PA,5,35
AED,GH,5,10
AED,KH,5,10
AED,SN,5,10
AED,SA,5,25
AED,RU,5,20
AED,UG,5,10
AED,BR,5,15
AED,NI,5,10
AED,MG,5,10
AED,DO,5,15
AED,MX,5,20
AED,OM,5,20
AED,CM,5,15
AED,ZA,5,20
AED,CL,5,20
AED,KE,5,10
AED,NP,5,10
AED,PE,5,15
AED,UA,5,10
AED,MZ,5,15
AED,TZ,5,10
AED,AO,5,10
AED,JO,5,10
AED,ZW,5,10
AED,TR,5,10
AED,MU,5,10
AED,SV,5,10
AED,TH,5,20
AED,CO,5,10
AED,LK,5,10
AED,CR,5,10
AED,AR,5,10
AED,MA,5,10
AED,MY,5,20
AED,KZ,5,10
AED,DZ,5,10
AED,ID,5,15
AED,NG,5,15
AED,GT,5,15
AED,VN,5,15
AED,BY,5,10
AED,EG,5,15
AED,UY,5,10
AED,BD,5,10
AED,PK,5,10
AED,PH,5,10
AED,ET,5,10
AED,TN,5,10
AED,LB,5,10
AED,IN,5,10
AED,PY,5,10
AED,UZ,5,10
AED,EC,5,10
AED,MM,5,10
AED,GE,5,10
ARS,US,1010,2845
ARS,CH,940,2475
ARS,AU,855,2200
ARS,GB,745,1910
ARS,DE,740,1895
ARS,DK,680,1690
ARS,AT,495,1545
ARS,NO,565,1575
ARS,CA,625,1910
ARS,NL,665,1690
ARS,SE,535,1445
ARS,IE,530,1390
ARS,BE,485,1425
ARS,FI,365,1105
ARS,FR,450,1205
ARS,NZ,460,1345
ARS,HK,415,1175
ARS,CZ,395,950
ARS,SK,375,810
ARS,AE,355,1110
ARS,SG,460,1360
ARS,IL,400,985
ARS,KW,180,885
ARS,IT,275,725
ARS,JP,345,975
ARS,ES,280,745
ARS,VE,35,570
ARS,HU,235,550
ARS,PT,235,615
ARS,GR,290,600
ARS,KR,360,955
ARS,TW,290,785
ARS,PL,250,620
ARS,ZM,35,205
ARS,PR,90,830
ARS,CI,50,200
ARS,RO,230,555
ARS,BH,105,580
ARS,PA,70,795
ARS,GH,85,235
ARS,KH,50,230
ARS,SN,35,250
ARS,SA,150,575
ARS,RU,150,475
ARS,UG,35,185
ARS,BR,160,390
ARS,NI,35,250
ARS,MG,35,180
ARS,DO,40,295
ARS,MX,120,435
ARS,OM,75,435
ARS,CM,35,325
ARS,ZA,145,460
ARS,CL,150,445
ARS,KE,45,185
ARS,NP,35,170
ARS,PE,90,375
ARS,UA,85,265
ARS,MZ,35,350
ARS,TZ,5,80
ARS,AO,75,200
ARS,JO,55,270
ARS,ZW,35,190
ARS,TR,90,250
ARS,MU,45,160
ARS,SV,35,195
ARS,TH,135,430
ARS,CO,70,270
ARS,LK,35,45
ARS,CR,40,280
ARS,AR,95,255
ARS,MA,40,165
ARS,MY,120,440
ARS,KZ,50,185
ARS,DZ,40,90
ARS,ID,105,395
ARS,NG,60,380
ARS,GT,40,295
ARS,VN,85,330
ARS,BY,40,160
ARS,EG,55,335
ARS,UY,45,200
ARS,BD,35,80
ARS,PK,40,225
ARS,PH,70,250
ARS,ET,10,85
ARS,TN,40,75
ARS,LB,40,125
ARS,IN,40,175
ARS,PY,40,135
ARS,UZ,40,80
ARS,EC,40,140
ARS,MM,40,45
ARS,GE,40,55
AUD,US,15,45
AUD,CH,15,35
AUD,AU,15,35
AUD,GB,10,30
AUD,DE,10,30
AUD,DK,10,25
AUD,AT,10,25
AUD,NO,10,25
AUD,CA,10,30
AUD,NL,10,25
AUD,SE,10,20
AUD,IE,10,20
AUD,BE,5,20
AUD,FI,5,15
AUD,FR,5,20
AUD,NZ,5,20
AUD,HK,5,20
AUD,CZ,5,15
AUD,SK,5,10
AUD,AE,5,15
AUD,SG,5,20
AUD,IL,5,15
AUD,KW,5,15
AUD,IT,5,10
AUD,JP,5,15
AUD,ES,5,10
AUD,VE,5,10
AUD,HU,5,10
AUD,PT,5,10
AUD,GR,5,10
AUD,KR,5,15
AUD,TW,5,10
AUD,PL,5,10
AUD,ZM,5,10
AUD,PR,5,15
AUD,CI,5,10
AUD,RO,5,10
AUD,BH,5,10
AUD,PA,5,10
AUD,GH,5,10
AUD,KH,5,10
AUD,SN,5,10
AUD,SA,5,10
AUD,RU,5,10
AUD,UG,5,10
AUD,BR,5,10
AUD,NI,5,10
AUD,MG,5,10
AUD,DO,5,10
AUD,MX,5,10
AUD,OM,5,10
AUD,CM,5,10
AUD,ZA,5,10
AUD,CL,5,10
AUD,KE,5,10
AUD,NP,5,10
AUD,PE,5,10
AUD,UA,5,10
AUD,MZ,5,10
AUD,TZ,5,10
AUD,AO,5,10
AUD,JO,5,10
AUD,ZW,5,10
AUD,TR,5,10
AUD,MU,5,10
AUD,SV,5,10
AUD,TH,5,10
AUD,CO,5,10
AUD,LK,5,10
AUD,CR,5,10
AUD,AR,5,10
AUD,MA,5,10
AUD,MY,5,10
AUD,KZ,5,10
AUD,DZ,5,10
AUD,ID,5,10
AUD,NG,5,10
AUD,GT,5,10
AUD,VN,5,10
AUD,BY,5,10
AUD,EG,5,10
AUD,UY,5,10
AUD,BD,5,10
AUD,PK,5,10
AUD,PH,5,10
AUD,ET,5,10
AUD,TN,5,10
AUD,LB,5,10
AUD,IN,5,10
AUD,PY,5,10
AUD,UZ,5,10
AUD,EC,5,10
AUD,MM,5,10
AUD,GE,5,10
BGN,US,20,55
BGN,CH,20,45
BGN,AU,15,40
BGN,GB,15,35
BGN,DE,15,35
BGN,DK,15,30
BGN,AT,10,30
BGN,NO,10,30
BGN,CA,10,35
BGN,NL,15,30
BGN,SE,10,25
BGN,IE,10,25
BGN,BE,10,25
BGN,FI,5,20
BGN,FR,10,25
BGN,NZ,10,25
BGN,HK,10,20
BGN,CZ,5,20
BGN,SK,5,15
BGN,AE,5,20
BGN,SG,10,25
BGN,IL,10,20
BGN,KW,5,15
BGN,IT,5,15
BGN,JP,5,20
BGN,ES,5,15
BGN,VE,5,10
BGN,HU,5,10
BGN,PT,5,10
BGN,GR,5,10
BGN,KR,5,20
BGN,TW,5,15
BGN,PL,5,10
BGN,ZM,5,10
BGN,PR,5,15
BGN,CI,5,10
BGN,RO,5,10
BGN,BH,5,10
BGN,PA,5,15
BGN,GH,5,10
BGN,KH,5,10
BGN,SN,5,10
BGN,SA,5,10
BGN,RU,5,10
BGN,UG,5,10
BGN,BR,5,10
BGN,NI,5,10
BGN,MG,5,10
BGN,DO,5,10
BGN,MX,5,10
BGN,OM,5,10
BGN,CM,5,10
BGN,ZA,5,10
BGN,CL,5,10
BGN,KE,5,10
BGN,NP,5,10
BGN,PE,5,10
BGN,UA,5,10
BGN,MZ,5,10
BGN,TZ,5,10
BGN,AO,5,10
BGN,JO,5,10
BGN,ZW,5,10
BGN,TR,5,10
BGN,MU,5,10
BGN,SV,5,10
BGN,TH,5,10
BGN,CO,5,10
BGN,LK,5,10
BGN,CR,5,10
BGN,AR,5,10
BGN,MA,5,10
BGN,MY,5,10
BGN,KZ,5,10
BGN,DZ,5,10
BGN,ID,5,10
BGN,NG,5,10
BGN,GT,5,10
BGN,VN,5,10
BGN,BY,5,10
BGN,EG,5,10
BGN,UY,5,10
BGN,BD,5,10
BGN,PK,5,10
BGN,PH,5,10
BGN,ET,5,10
BGN,TN,5,10
BGN,LB,5,10
BGN,IN,5,10
BGN,PY,5,10
BGN,UZ,5,10
BGN,EC,5,10
BGN,MM,5,10
BGN,GE,5,10
BOB,US,80,230
BOB,CH,75,200
BOB,AU,70,175
BOB,GB,60,155
BOB,DE,60,150
BOB,DK,55,135
BOB,AT,40,125
BOB,NO,45,125
BOB,CA,50,155
BOB,NL,55,135
BOB,SE,45,115
BOB,IE,40,110
BOB,BE,40,115
BOB,FI,30,90
BOB,FR,35,95
BOB,NZ,35,110
BOB,HK,35,95
BOB,CZ,30,75
BOB,SK,30,65
BOB,AE,30,90
BOB,SG,35,110
BOB,IL,30,80
BOB,KW,15,70
BOB,IT,20,60
BOB,JP,30,80
BOB,ES,25,60
BOB,VE,5,45
BOB,HU,20,45
BOB,PT,20,50
BOB,GR,25,50
BOB,KR,30,75
BOB,TW,25,65
BOB,PL,20,50
BOB,ZM,5,15
BOB,PR,5,65
BOB,CI,5,15
BOB,RO,20,45
BOB,BH,10,45
BOB,PA,5,65
BOB,GH,5,20
BOB,KH,5,20
BOB,SN,5,20
BOB,SA,10,45
BOB,RU,10,40
BOB,UG,5,15
BOB,BR,15,30
BOB,NI,5,20
BOB,MG,5,15
BOB,DO,5,25
BOB,MX,10,35
BOB,OM,5,35
BOB,CM,5,25
BOB,ZA,10,35
BOB,CL,10,35
BOB,KE,5,15
BOB,NP,5,15
BOB,PE,5,30
BOB,UA,5,20
BOB,MZ,5,30
BOB,TZ,5,10
BOB,AO,5,15
BOB,JO,5,20
BOB,ZW,5,15
BOB,TR,5,20
BOB,MU,5,15
BOB,SV,5,15
BOB,TH,10,35
BOB,CO,5,20
BOB,LK,5,10
BOB,CR,5,20
BOB,AR,10,20
BOB,MA,5,15
BOB,MY,10,35
BOB,KZ,5,15
BOB,DZ,5,10
BOB,ID,10,30
BOB,NG,5,30
BOB,GT,5,25
BOB,VN,5,25
BOB,BY,5,15
BOB,EG,5,25
BOB,UY,5,15
BOB,BD,5,10
BOB,PK,5,20
BOB,PH,5,20
BOB,ET,5,10
BOB,TN,5,10
BOB,LB,5,10
BOB,IN,5,15
BOB,PY,5,10
BOB,UZ,5,10
BOB,EC,5,10
BOB,MM,5,10
BOB,GE,5,10
BRL,US,65,175
BRL,CH,60,155
BRL,AU,55,135
BRL,GB,45,120
BRL,DE,45,115
BRL,DK,40,105
BRL,AT,30,95
BRL,NO,35,100
BRL,CA,40,120
BRL,NL,40,105
BRL,SE,35,90
BRL,IE,35,85
BRL,BE,30,90
BRL,FI,20,70
BRL,FR,30,75
BRL,NZ,30,85
BRL,HK,25,75
BRL,CZ,25,60
BRL,SK,25,50
BRL,AE,20,70
BRL,SG,30,85
BRL,IL,25,60
BRL,KW,10,55
BRL,IT,15,45
BRL,JP,20,60
BRL,ES,15,45
BRL,VE,5,35
BRL,HU,15,35
BRL,PT,15,40
BRL,GR,20,35
BRL,KR,20,60
BRL,TW,20,50
BRL,PL,15,40
BRL,ZM,5,15
BRL,PR,5,50
BRL,CI,5,10
BRL,RO,15,35
BRL,BH,5,35
BRL,PA,5,50
BRL,GH,5,15
BRL,KH,5,15
BRL,SN,5,15
BRL,SA,10,35
BRL,RU,10,30
BRL,UG,5,10
BRL,BR,10,25
BRL,NI,5,15
BRL,MG,5,10
BRL,DO,5,20
BRL,MX,5,25
BRL,OM,5,25
BRL,CM,5,20
BRL,ZA,10,30
BRL,CL,10,30
BRL,KE,5,10
BRL,NP,5,10
BRL,PE,5,25
BRL,UA,5,15
BRL,MZ,5,20
BRL,TZ,5,10
BRL,AO,5,15
BRL,JO,5,15
BRL,ZW,5,10
BRL,TR,5,15
BRL,MU,5,10
BRL,SV,5,10
BRL,TH,10,25
BRL,CO,5,15
BRL,LK,5,10
BRL,CR,5,15
BRL,AR,5,15
BRL,MA,5,10
BRL,MY,5,25
BRL,KZ,5,10
BRL,DZ,5,10
BRL,ID,5,25
BRL,NG,5,25
BRL,GT,5,20
BRL,VN,5,20
BRL,BY,5,10
BRL,EG,5,20
BRL,UY,5,10
BRL,BD,5,10
BRL,PK,5,15
BRL,PH,5,15
BRL,ET,5,10
BRL,TN,5,10
BRL,LB,5,10
BRL,IN,5,10
BRL,PY,5,10
BRL,UZ,5,10
BRL,EC,5,10
BRL,MM,5,10
BRL,GE,5,10
CAD,US,15,40
CAD,CH,15,35
CAD,AU,15,35
CAD,GB,10,30
CAD,DE,10,30
CAD,DK,10,25
CAD,AT,5,25
CAD,NO,10,25
CAD,CA,10,30
CAD,NL,10,25
CAD,SE,10,20
CAD,IE,10,20
CAD,BE,5,20
CAD,FI,5,15
CAD,FR,5,20
CAD,NZ,5,20
CAD,HK,5,15
CAD,CZ,5,15
CAD,SK,5,10
CAD,AE,5,15
CAD,SG,5,20
CAD,IL,5,15
CAD,KW,5,15
CAD,IT,5,10
CAD,JP,5,15
CAD,ES,5,10
CAD,VE,5,10
CAD,HU,5,10
CAD,PT,5,10
CAD,GR,5,10
CAD,KR,5,15
CAD,TW,5,10
CAD,PL,5,10
CAD,ZM,5,10
CAD,PR,5,10
CAD,CI,5,10
CAD,RO,5,10
CAD,BH,5,10
CAD,PA,5,10
CAD,GH,5,10
CAD,KH,5,10
CAD,SN,5,10
CAD,SA,5,10
CAD,RU,5,10
CAD,UG,5,10
CAD,BR,5,10
CAD,NI,5,10
CAD,MG,5,10
CAD,DO,5,10
CAD,MX,5,10
CAD,OM,5,10
CAD,CM,5,10
CAD,ZA,5,10
CAD,CL,5,10
CAD,KE,5,10
CAD,NP,5,10
CAD,PE,5,10
CAD,UA,5,10
CAD,MZ,5,10
CAD,TZ,5,10
CAD,AO,5,10
CAD,JO,5,10
CAD,ZW,5,10
CAD,TR,5,10
CAD,MU,5,10
CAD,SV,5,10
CAD,TH,5,10
CAD,CO,5,10
CAD,LK,5,10
CAD,CR,5,10
CAD,AR,5,10
CAD,MA,5,10
CAD,MY,5,10
CAD,KZ,5,10
CAD,DZ,5,10
CAD,ID,5,10
CAD,NG,5,10
CAD,GT,5,10
CAD,VN,5,10
CAD,BY,5,10
CAD,EG,5,10
CAD,UY,5,10
CAD,BD,5,10
CAD,PK,5,10
CAD,PH,5,10
CAD,ET,5,10
CAD,TN,5,10
CAD,LB,5,10
CAD,IN,5,10
CAD,PY,5,10
CAD,UZ,5,10
CAD,EC,5,10
CAD,MM,5,10
CAD,GE,5,10
CHF,US,10,30
CHF,CH,10,25
CHF,AU,10,25
CHF,GB,10,20
CHF,DE,10,20
CHF,DK,5,20
CHF,AT,5,15
CHF,NO,5,15
CHF,CA,5,20
CHF,NL,5,20
CHF,SE,5,15
CHF,IE,5,15
CHF,BE,5,15
CHF,FI,5,10
CHF,FR,5,10
CHF,NZ,5,15
CHF,HK,5,10
CHF,CZ,5,10
CHF,SK,5,10
CHF,AE,5,10
CHF,SG,5,15
CHF,IL,5,10
CHF,KW,5,10
CHF,IT,5,10
CHF,JP,5,10
CHF,ES,5,10
CHF,VE,5,10
CHF,HU,5,10
CHF,PT,5,10
CHF,GR,5,10
CHF,KR,5,10
CHF,TW,5,10
CHF,PL,5,10
CHF,ZM,5,10
CHF,PR,5,10
CHF,CI,5,10
CHF,RO,5,10
CHF,BH,5,10
CHF,PA,5,10
CHF,GH,5,10
CHF,KH,5,10
CHF,SN,5,10
CHF,SA,5,10
CHF,RU,5,10
CHF,UG,5,10
CHF,BR,5,10
CHF,NI,5,10
CHF,MG,5,10
CHF,DO,5,10
CHF,MX,5,10
CHF,OM,5,10
CHF,CM,5,10
CHF,ZA,5,10
CHF,CL,5,10
CHF,KE,5,10
CHF,NP,5,10
CHF,PE,5,10
CHF,UA,5,10
CHF,MZ,5,10
CHF,TZ,5,10
CHF,AO,5,10
CHF,JO,5,10
CHF,ZW,5,10
CHF,TR,5,10
CHF,MU,5,10
CHF,SV,5,10
CHF,TH,5,10
CHF,CO,5,10
CHF,LK,5,10
CHF,CR,5,10
CHF,AR,5,10
CHF,MA,5,10
CHF,MY,5,10
CHF,KZ,5,10
CHF,DZ,5,10
CHF,ID,5,10
CHF,NG,5,10
CHF,GT,5,10
CHF,VN,5,10
CHF,BY,5,10
CHF,EG,5,10
CHF,UY,5,10
CHF,BD,5,10
CHF,PK,5,10
CHF,PH,5,10
CHF,ET,5,10
CHF,TN,5,10
CHF,LB,5,10
CHF,IN,5,10
CHF,PY,5,10
CHF,UZ,5,10
CHF,EC,5,10
CHF,MM,5,10
CHF,GE,5,10
CLP,US,8700,24555
CLP,CH,8115,21355
CLP,AU,7385,18960
CLP,GB,6440,16475
CLP,DE,6390,16340
CLP,DK,5880,14590
CLP,AT,4290,13330
CLP,NO,4860,13575
CLP,CA,5375,16480
CLP,NL,5750,14595
CLP,SE,4605,12445
CLP,IE,4555,12005
CLP,BE,4190,12275
CLP,FI,3130,9510
CLP,FR,3875,10380
CLP,NZ,3945,11615
CLP,HK,3590,10150
CLP,CZ,3420,8215
CLP,SK,3230,6995
CLP,AE,3045,9560
CLP,SG,3975,11745
CLP,IL,3470,8485
CLP,KW,1565,7625
CLP,IT,2360,6235
CLP,JP,2960,8415
CLP,ES,2425,6420
CLP,VE,320,4915
CLP,HU,2045,4760
CLP,PT,2040,5320
CLP,GR,2515,5155
CLP,KR,3105,8220
CLP,TW,2525,6755
CLP,PL,2160,5345
CLP,ZM,310,1780
CLP,PR,760,7165
CLP,CI,415,1720
CLP,RO,1985,4795
CLP,BH,900,4990
CLP,PA,605,6850
CLP,GH,725,2015
CLP,KH,415,2000
CLP,SN,305,2175
CLP,SA,1295,4955
CLP,RU,1285,4105
CLP,UG,300,1590
CLP,BR,1370,3380
CLP,NI,300,2165
CLP,MG,305,1535
CLP,DO,365,2545
CLP,MX,1035,3740
CLP,OM,650,3740
CLP,CM,300,2790
CLP,ZA,1230,3965
CLP,CL,1285,3835
CLP,KE,370,1600
CLP,NP,300,1455
CLP,PE,765,3225
CLP,UA,730,2285
CLP,MZ,300,3030
CLP,TZ,40,695
CLP,AO,670,1740
CLP,JO,490,2340
CLP,ZW,305,1660
CLP,TR,785,2145
CLP,MU,400,1375
CLP,SV,300,1665
CLP,TH,1175,3705
CLP,CO,595,2310
CLP,LK,290,400
CLP,CR,365,2415
CLP,AR,815,2200
CLP,MA,365,1425
CLP,MY,1030,3785
CLP,KZ,440,1610
CLP,DZ,360,765
CLP,ID,920,3410
CLP,NG,515,3265
CLP,GT,360,2560
CLP,VN,750,2850
CLP,BY,355,1375
CLP,EG,475,2910
CLP,UY,375,1730
CLP,BD,310,685
CLP,PK,340,1950
CLP,PH,585,2165
CLP,ET,95,715
CLP,TN,360,655
CLP,LB,365,1090
CLP,IN,335,1520
CLP,PY,360,1165
CLP,UZ,360,705
CLP,EC,350,1205
CLP,MM,360,395
CLP,GE,365,465
CNY,US,75,215
CNY,CH,70,185
CNY,AU,65,165
CNY,GB,55,145
CNY,DE,55,145
CNY,DK,50,130
CNY,AT,40,115
CNY,NO,45,120
CNY,CA,45,145
CNY,NL,50,130
CNY,SE,40,110
CNY,IE,40,105
CNY,BE,35,110
CNY,FI,25,85
CNY,FR,35,90
CNY,NZ,35,100
CNY,HK,30,90
CNY,CZ,30,70
CNY,SK,30,60
CNY,AE,25,85
CNY,SG,35,105
CNY,IL,30,75
CNY,KW,15,65
CNY,IT,20,55
CNY,JP,25,75
CNY,ES,20,55
CNY,VE,5,45
CNY,HU,20,40
CNY,PT,20,45
CNY,GR,20,45
CNY,KR,25,70
CNY,TW,20,60
CNY,PL,20,45
CNY,ZM,5,15
CNY,PR,5,65
CNY,CI,5,15
CNY,RO,15,40
CNY,BH,10,45
CNY,PA,5,60
CNY,GH,5,20
CNY,KH,5,20
CNY,SN,5,20
CNY,SA,10,45
CNY,RU,10,35
CNY,UG,5,15
CNY,BR,10,30
CNY,NI,5,20
CNY,MG,5,15
CNY,DO,5,20
CNY,MX,10,35
CNY,OM,5,35
CNY,CM,5,25
CNY,ZA,10,35
CNY,CL,10,35
CNY,KE,5,15
CNY,NP,5,15
CNY,PE,5,30
CNY,UA,5,20
CNY,MZ,5,25
CNY,TZ,5,10
CNY,AO,5,15
CNY,JO,5,20
CNY,ZW,5,15
CNY,TR,5,20
CNY,MU,5,10
CNY,SV,5,15
CNY,TH,10,30
CNY,CO,5,20
CNY,LK,5,10
CNY,CR,5,20
CNY,AR,5,20
CNY,MA,5,10
CNY,MY,10,35
CNY,KZ,5,15
CNY,DZ,5,10
CNY,ID,10,30
CNY,NG,5,30
CNY,GT,5,20
CNY,VN,5,25
CNY,BY,5,10
CNY,EG,5,25
CNY,UY,5,15
CNY,BD,5,10
CNY,PK,5,15
CNY,PH,5,20
CNY,ET,5,10
CNY,TN,5,10
CNY,LB,5,10
CNY,IN,5,15
CNY,PY,5,10
CNY,UZ,5,10
CNY,EC,5,10
CNY,MM,5,10
CNY,GE,5,10
COP,US,41010,115710
COP,CH,38240,100635
COP,AU,34795,89340
COP,GB,30340,77640
COP,DE,30105,77010
COP,DK,27700,68745
COP,AT,20215,62815
COP,NO,22910,63965
COP,CA,25325,77660
COP,NL,27095,68775
COP,SE,21690,58650
COP,IE,21465,56575
COP,BE,19735,57845
COP,FI,14755,44810
COP,FR,18270,48905
COP,NZ,18595,54740
COP,HK,16910,47820
COP,CZ,16120,38705
COP,SK,15210,32965
COP,AE,14355,45045
COP,SG,18730,55350
COP,IL,16345,39980
COP,KW,7370,35935
COP,IT,11125,29370
COP,JP,13950,39645
COP,ES,11435,30245
COP,VE,1500,23165
COP,HU,9635,22420
COP,PT,9620,25080
COP,GR,11860,24295
COP,KR,14625,38730
COP,TW,11885,31820
COP,PL,10170,25175
COP,ZM,1470,8380
COP,PR,3595,33775
COP,CI,1960,8100
COP,RO,9345,22605
COP,BH,4245,23520
COP,PA,2840,32285
COP,GH,3405,9505
COP,KH,1965,9430
COP,SN,1430,10245
COP,SA,6100,23350
COP,RU,6060,19340
COP,UG,1425,7485
COP,BR,6460,15930
COP,NI,1420,10200
COP,MG,1440,7230
COP,DO,1725,11990
COP,MX,4875,17635
COP,OM,3065,17635
COP,CM,1420,13140
COP,ZA,5805,18690
COP,CL,6050,18080
COP,KE,1745,7545
COP,NP,1420,6855
COP,PE,3615,15210
COP,UA,3445,10760
COP,MZ,1420,14270
COP,TZ,180,3275
COP,AO,3145,8205
COP,JO,2320,11020
COP,ZW,1425,7820
COP,TR,3695,10115
COP,MU,1895,6470
COP,SV,1420,7835
COP,TH,5545,17450
COP,CO,2810,10885
COP,LK,1365,1885
COP,CR,1715,11390
COP,AR,3830,10375
COP,MA,1710,6715
COP,MY,4855,17845
COP,KZ,2075,7595
COP,DZ,1700,3600
COP,ID,4330,16065
COP,NG,2435,15395
COP,GT,1705,12060
COP,VN,3545,13425
COP,BY,1665,6475
COP,EG,2245,13705
COP,UY,1770,8150
COP,BD,1455,3225
COP,PK,1595,9190
COP,PH,2765,10205
COP,ET,445,3380
COP,TN,1705,3085
COP,LB,1720,5140
COP,IN,1585,7160
COP,PY,1705,5480
COP,UZ,1705,3325
COP,EC,1655,5685
COP,MM,1705,1865
COP,GE,1710,2180
CZK,US,255,715
CZK,CH,235,625
CZK,AU,215,555
CZK,GB,190,480
CZK,DE,185,475
CZK,DK,170,425
CZK,AT,125,390
CZK,NO,140,395
CZK,CA,155,480
CZK,NL,170,425
CZK,SE,135,365
CZK,IE,135,350
CZK,BE,120,360
CZK,FI,90,275
CZK,FR,115,305
CZK,NZ,115,340
CZK,HK,105,295
CZK,CZ,100,240
CZK,SK,95,205
CZK,AE,90,280
CZK,SG,115,345
CZK,IL,100,245
CZK,KW,45,220
CZK,IT,70,180
CZK,JP,85,245
CZK,ES,70,185
CZK,VE,10,145
CZK,HU,60,140
CZK,PT,60,155
CZK,GR,75,150
CZK,KR,90,240
CZK,TW,75,195
CZK,PL,65,155
CZK,ZM,10,50
CZK,PR,20,210
CZK,CI,10,50
CZK,RO,60,140
CZK,BH,25,145
CZK,PA,20,200
CZK,GH,20,60
CZK,KH,10,60
CZK,SN,10,65
CZK,SA,40,145
CZK,RU,40,120
CZK,UG,10,45
CZK,BR,40,100
CZK,NI,10,65
CZK,MG,10,45
CZK,DO,10,75
CZK,MX,30,110
CZK,OM,20,110
CZK,CM,10,80
CZK,ZA,35,115
CZK,CL,35,110
CZK,KE,10,45
CZK,NP,10,40
CZK,PE,20,95
CZK,UA,20,65
CZK,MZ,10,90
CZK,TZ,5,20
CZK,AO,20,50
CZK,JO,15,70
CZK,ZW,10,50
CZK,TR,25,65
CZK,MU,10,40
CZK,SV,10,50
CZK,TH,35,110
CZK,CO,15,65
CZK,LK,10,15
CZK,CR,10,70
CZK,AR,25,65
CZK,MA,10,40
CZK,MY,30,110
CZK,KZ,15,45
CZK,DZ,10,20
CZK,ID,25,100
CZK,NG,15,95
CZK,GT,10,75
CZK,VN,20,85
CZK,BY,10,40
CZK,EG,15,85
CZK,UY,10,50
CZK,BD,10,20
CZK,PK,10,55
CZK,PH,15,65
CZK,ET,5,20
CZK,TN,10,20
CZK,LB,10,30
CZK,IN,10,45
CZK,PY,10,35
CZK,UZ,10,20
CZK,EC,10,35
CZK,MM,10,15
CZK,GE,10,15
DKK,US,70,205
DKK,CH,65,175
DKK,AU,60,155
DKK,GB,55,135
DKK,DE,55,135
DKK,DK,50,120
DKK,AT,35,110
DKK,NO,40,115
DKK,CA,45,135
DKK,NL,50,120
DKK,SE,40,105
DKK,IE,40,100
DKK,BE,35,100
DKK,FI,25,80
DKK,FR,30,85
DKK,NZ,35,95
DKK,HK,30,85
DKK,CZ,30,70
DKK,SK,25,60
DKK,AE,25,80
DKK,SG,35,95
DKK,IL,30,70
DKK,KW,15,65
DKK,IT,20,50
DKK,JP,25,70
DKK,ES,20,55
DKK,VE,5,40
DKK,HU,15,40
DKK,PT,15,45
DKK,GR,20,45
DKK,KR,25,70
DKK,TW,20,55
DKK,PL,20,45
DKK,ZM,5,15
DKK,PR,5,60
DKK,CI,5,15
DKK,RO,15,40
DKK,BH,5,40
DKK,PA,5,55
DKK,GH,5,15
DKK,KH,5,15
DKK,SN,5,20
DKK,SA,10,40
DKK,RU,10,35
DKK,UG,5,15
DKK,BR,10,30
DKK,NI,5,20
DKK,MG,5,15
DKK,DO,5,20
DKK,MX,10,30
DKK,OM,5,30
DKK,CM,5,25
DKK,ZA,10,35
DKK,CL,10,30
DKK,KE,5,15
DKK,NP,5,10
DKK,PE,5,25
DKK,UA,5,20
DKK,MZ,5,25
DKK,TZ,5,10
DKK,AO,5,15
DKK,JO,5,20
DKK,ZW,5,15
DKK,TR,5,20
DKK,MU,5,10
DKK,SV,5,15
DKK,TH,10,30
DKK,CO,5,20
DKK,LK,5,10
DKK,CR,5,20
DKK,AR,5,20
DKK,MA,5,10
DKK,MY,10,30
DKK,KZ,5,15
DKK,DZ,5,10
DKK,ID,10,30
DKK,NG,5,25
DKK,GT,5,20
DKK,VN,5,25
DKK,BY,5,10
DKK,EG,5,25
DKK,UY,5,15
DKK,BD,5,10
DKK,PK,5,15
DKK,PH,5,20
DKK,ET,5,10
DKK,TN,5,10
DKK,LB,5,10
DKK,IN,5,15
DKK,PY,5,10
DKK,UZ,5,10
DKK,EC,5,10
DKK,MM,5,10
DKK,GE,5,10
EGP,US,185,520
EGP,CH,170,455
EGP,AU,155,400
EGP,GB,135,350
EGP,DE,135,345
EGP,DK,125,310
EGP,AT,90,285
EGP,NO,105,290
EGP,CA,115,350
EGP,NL,120,310
EGP,SE,100,265
EGP,IE,95,255
EGP,BE,90,260
EGP,FI,65,200
EGP,FR,80,220
EGP,NZ,85,245
EGP,HK,75,215
EGP,CZ,75,175
EGP,SK,70,150
EGP,AE,65,205
EGP,SG,85,250
EGP,IL,75,180
EGP,KW,35,160
EGP,IT,50,130
EGP,JP,65,180
EGP,ES,50,135
EGP,VE,5,105
EGP,HU,45,100
EGP,PT,45,115
EGP,GR,55,110
EGP,KR,65,175
EGP,TW,55,145
EGP,PL,45,115
EGP,ZM,5,40
EGP,PR,15,150
EGP,CI,10,35
EGP,RO,40,100
EGP,BH,20,105
EGP,PA,15,145
EGP,GH,15,45
EGP,KH,10,40
EGP,SN,5,45
EGP,SA,25,105
EGP,RU,25,85
EGP,UG,5,35
EGP,BR,30,70
EGP,NI,5,45
EGP,MG,5,35
EGP,DO,10,55
EGP,MX,20,80
EGP,OM,15,80
EGP,CM,5,60
EGP,ZA,25,85
EGP,CL,25,80
EGP,KE,10,35
EGP,NP,5,30
EGP,PE,15,70
EGP,UA,15,50
EGP,MZ,5,65
EGP,TZ,5,15
EGP,AO,15,35
EGP,JO,10,50
EGP,ZW,5,35
EGP,TR,15,45
EGP,MU,10,30
EGP,SV,5,35
EGP,TH,25,80
EGP,CO,15,50
EGP,LK,5,10
EGP,CR,10,50
EGP,AR,15,45
EGP,MA,10,30
EGP,MY,20,80
EGP,KZ,10,35
EGP,DZ,10,15
EGP,ID,20,70
EGP,NG,10,70
EGP,GT,10,55
EGP,VN,15,60
EGP,BY,5,30
EGP,EG,10,60
EGP,UY,10,35
EGP,BD,5,15
EGP,PK,5,40
EGP,PH,10,45
EGP,ET,5,15
EGP,TN,10,15
EGP,LB,10,25
EGP,IN,5,30
EGP,PY,10,25
EGP,UZ,10,15
EGP,EC,5,25
EGP,MM,10,15
EGP,GE,10,15
EUR,US,10,25
EUR,CH,10,25
EUR,AU,10,20
EUR,GB,5,20
EUR,DE,5,20
EUR,DK,5,15
EUR,AT,5,15
EUR,NO,5,15
EUR,CA,5,20
EUR,NL,5,15
EUR,SE,5,15
EUR,IE,5,15
EUR,BE,5,15
EUR,FI,5,10
EUR,FR,5,10
EUR,NZ,5,15
EUR,HK,5,10
EUR,CZ,5,10
EUR,SK,5,10
EUR,AE,5,10
EUR,SG,5,15
EUR,IL,5,10
EUR,KW,5,10
EUR,IT,5,10
EUR,JP,5,10
EUR,ES,5,10
EUR,VE,5,10
EUR,HU,5,10
EUR,PT,5,10
EUR,GR,5,10
EUR,KR,5,10
EUR,TW,5,10
EUR,PL,5,10
EUR,ZM,5,10
EUR,PR,5,10
EUR,CI,5,10
EUR,RO,5,10
EUR,BH,5,10
EUR,PA,5,10
EUR,GH,5,10
EUR,KH,5,10
EUR,SN,5,10
EUR,SA,5,10
EUR,RU,5,10
EUR,UG,5,10
EUR,BR,5,10
EUR,NI,5,10
EUR,MG,5,10
EUR,DO,5,10
EUR,MX,5,10
EUR,OM,5,10
EUR,CM,5,10
EUR,ZA,5,10
EUR,CL,5,10
EUR,KE,5,10
EUR,NP,5,10
EUR,PE,5,10
EUR,UA,5,10
EUR,MZ,5,10
EUR,TZ,5,10
EUR,AO,5,10
EUR,JO,5,10
EUR,ZW,5,10
EUR,TR,5,10
EUR,MU,5,10
EUR,SV,5,10
EUR,TH,5,10
EUR,CO,5,10
EUR,LK,5,10
EUR,CR,5,10
EUR,AR,5,10
EUR,MA,5,10
EUR,MY,5,10
EUR,KZ,5,10
EUR,DZ,5,10
EUR,ID,5,10
EUR,NG,5,10
EUR,GT,5,10
EUR,VN,5,10
EUR,BY,5,10
EUR,EG,5,10
EUR,UY,5,10
EUR,BD,5,10
EUR,PK,5,10
EUR,PH,5,10
EUR,ET,5,10
EUR,TN,5,10
EUR,LB,5,10
EUR,IN,5,10
EUR,PY,5,10
EUR,UZ,5,10
EUR,EC,5,10
EUR,MM,5,10
EUR,GE,5,10
GBP,US,10,25
GBP,CH,10,20
GBP,AU,5,20
GBP,GB,5,15
GBP,DE,5,15
GBP,DK,5,15
GBP,AT,5,15
GBP,NO,5,15
GBP,CA,5,15
GBP,NL,5,15
GBP,SE,5,10
GBP,IE,5,10
GBP,BE,5,10
GBP,FI,5,10
GBP,FR,5,10
GBP,NZ,5,10
GBP,HK,5,10
GBP,CZ,5,10
GBP,SK,5,10
GBP,AE,5,10
GBP,SG,5,10
GBP,IL,5,10
GBP,KW,5,10
GBP,IT,5,10
GBP,JP,5,10
GBP,ES,5,10
GBP,VE,5,10
GBP,HU,5,10
GBP,PT,5,10
GBP,GR,5,10
GBP,KR,5,10
GBP,TW,5,10
GBP,PL,5,10
GBP,ZM,5,10
GBP,PR,5,10
GBP,CI,5,10
GBP,RO,5,10
GBP,BH,5,10
GBP,PA,5,10
GBP,GH,5,10
GBP,KH,5,10
GBP,SN,5,10
GBP,SA,5,10
GBP,RU,5,10
GBP,UG,5,10
GBP,BR,5,10
GBP,NI,5,10
GBP,MG,5,10
GBP,DO,5,10
GBP,MX,5,10
GBP,OM,5,10
GBP,CM,5,10
GBP,ZA,5,10
GBP,CL,5,10
GBP,KE,5,10
GBP,NP,5,10
GBP,PE,5,10
GBP,UA,5,10
GBP,MZ,5,10
GBP,TZ,5,10
GBP,AO,5,10
GBP,JO,5,10
GBP,ZW,5,10
GBP,TR,5,10
GBP,MU,5,10
GBP,SV,5,10
GBP,TH,5,10
GBP,CO,5,10
GBP,LK,5,10
GBP,CR,5,10
GBP,AR,5,10
GBP,MA,5,10
GBP,MY,5,10
GBP,KZ,5,10
GBP,DZ,5,10
GBP,ID,5,10
GBP,NG,5,10
GBP,GT,5,10
GBP,VN,5,10
GBP,BY,5,10
GBP,EG,5,10
GBP,UY,5,10
GBP,BD,5,10
GBP,PK,5,10
GBP,PH,5,10
GBP,ET,5,10
GBP,TN,5,10
GBP,LB,5,10
GBP,IN,5,10
GBP,PY,5,10
GBP,UZ,5,10
GBP,EC,5,10
GBP,MM,5,10
GBP,GE,5,10
HKD,US,90,260
HKD,CH,85,225
HKD,AU,80,200
HKD,GB,70,175
HKD,DE,65,170
HKD,DK,60,155
HKD,AT,45,140
HKD,NO,50,145
HKD,CA,55,175
HKD,NL,60,155
HKD,SE,50,130
HKD,IE,50,125
HKD,BE,45,130
HKD,FI,35,100
HKD,FR,40,110
HKD,NZ,40,120
HKD,HK,40,105
HKD,CZ,35,85
HKD,SK,35,75
HKD,AE,30,100
HKD,SG,40,125
HKD,IL,35,90
HKD,KW,15,80
HKD,IT,25,65
HKD,JP,30,90
HKD,ES,25,65
HKD,VE,5,50
HKD,HU,20,50
HKD,PT,20,55
HKD,GR,25,55
HKD,KR,35,85
HKD,TW,25,70
HKD,PL,25,55
HKD,ZM,5,20
HKD,PR,10,75
HKD,CI,5,20
HKD,RO,20,50
HKD,BH,10,50
HKD,PA,5,70
HKD,GH,10,20
HKD,KH,5,20
HKD,SN,5,25
HKD,SA,15,50
HKD,RU,15,45
HKD,UG,5,15
HKD,BR,15,35
HKD,NI,5,25
HKD,MG,5,15
HKD,DO,5,25
HKD,MX,10,40
HKD,OM,5,40
HKD,CM,5,30
HKD,ZA,15,40
HKD,CL,15,40
HKD,KE,5,15
HKD,NP,5,15
HKD,PE,10,35
HKD,UA,10,25
HKD,MZ,5,30
HKD,TZ,5,10
HKD,AO,5,20
HKD,JO,5,25
HKD,ZW,5,15
HKD,TR,10,25
HKD,MU,5,15
HKD,SV,5,15
HKD,TH,10,40
HKD,CO,5,25
HKD,LK,5,10
HKD,CR,5,25
HKD,AR,10,25
HKD,MA,5,15
HKD,MY,10,40
HKD,KZ,5,15
HKD,DZ,5,10
HKD,ID,10,35
HKD,NG,5,35
HKD,GT,5,25
HKD,VN,10,30
HKD,BY,5,15
HKD,EG,5,30
HKD,UY,5,20
HKD,BD,5,10
HKD,PK,5,20
HKD,PH,5,25
HKD,ET,5,10
HKD,TN,5,10
HKD,LB,5,10
HKD,IN,5,15
HKD,PY,5,10
HKD,UZ,5,10
HKD,EC,5,15
HKD,MM,5,10
HKD,GE,5,10
HUF,US,3500,9870
HUF,CH,3260,8585
HUF,AU,2970,7620
HUF,GB,2590,6625
HUF,DE,2570,6570
HUF,DK,2365,5865
HUF,AT,1725,5360
HUF,NO,1955,5455
HUF,CA,2160,6625
HUF,NL,2310,5865
HUF,SE,1850,5005
HUF,IE,1830,4825
HUF,BE,1685,4935
HUF,FI,1260,3825
HUF,FR,1560,4170
HUF,NZ,1585,4670
HUF,HK,1445,4080
HUF,CZ,1375,3300
HUF,SK,1295,2810
HUF,AE,1225,3845
HUF,SG,1600,4720
HUF,IL,1395,3410
HUF,KW,630,3065
HUF,IT,950,2505
HUF,JP,1190,3380
HUF,ES,975,2580
HUF,VE,130,1975
HUF,HU,820,1915
HUF,PT,820,2140
HUF,GR,1010,2070
HUF,KR,1250,3305
HUF,TW,1015,2715
HUF,PL,870,2150
HUF,ZM,125,715
HUF,PR,305,2880
HUF,CI,165,690
HUF,RO,795,1930
HUF,BH,360,2005
HUF,PA,240,2755
HUF,GH,290,810
HUF,KH,165,805
HUF,SN,120,875
HUF,SA,520,1990
HUF,RU,515,1650
HUF,UG,120,640
HUF,BR,550,1360
HUF,NI,120,870
HUF,MG,125,615
HUF,DO,145,1025
HUF,MX,415,1505
HUF,OM,260,1505
HUF,CM,120,1120
HUF,ZA,495,1595
HUF,CL,515,1540
HUF,KE,150,645
HUF,NP,120,585
HUF,PE,310,1295
HUF,UA,295,920
HUF,MZ,120,1215
HUF,TZ,15,280
HUF,AO,270,700
HUF,JO,200,940
HUF,ZW,120,665
HUF,TR,315,865
HUF,MU,160,550
HUF,SV,120,670
HUF,TH,475,1490
HUF,CO,240,930
HUF,LK,115,160
HUF,CR,145,970
HUF,AR,325,885
HUF,MA,145,575
HUF,MY,415,1520
HUF,KZ,175,650
HUF,DZ,145,305
HUF,ID,370,1370
HUF,NG,210,1315
HUF,GT,145,1030
HUF,VN,300,1145
HUF,BY,140,550
HUF,EG,190,1170
HUF,UY,150,695
HUF,BD,125,275
HUF,PK,135,785
HUF,PH,235,870
HUF,ET,40,290
HUF,TN,145,265
HUF,LB,145,440
HUF,IN,135,610
HUF,PY,145,465
HUF,UZ,145,285
HUF,EC,140,485
HUF,MM,145,160
HUF,GE,145,185
IDR,US,166005,468405
IDR,CH,154810,407370
IDR,AU,140860,361660
IDR,GB,122810,314285
IDR,DE,121875,311745
IDR,DK,112135,278285
IDR,AT,81825,254270
IDR,NO,92740,258940
IDR,CA,102520,314385
IDR,NL,109690,278400
IDR,SE,87800,237425
IDR,IE,86880,229025
IDR,BE,79895,234155
IDR,FI,59730,181395
IDR,FR,73960,197970
IDR,NZ,75275,221595
IDR,HK,68450,193585
IDR,CZ,65260,156680
IDR,SK,61570,133435
IDR,AE,58105,182350
IDR,SG,75815,224065
IDR,IL,66160,161835
IDR,KW,29840,145460
IDR,IT,45035,118890
IDR,JP,56465,160485
IDR,ES,46295,122430
IDR,VE,6070,93775
IDR,HU,39010,90770
IDR,PT,38945,101515
IDR,GR,48020,98345
IDR,KR,59205,156780
IDR,TW,48120,128815
IDR,PL,41175,101920
IDR,ZM,5945,33930
IDR,PR,14545,136720
IDR,CI,7935,32800
IDR,RO,37820,91515
IDR,BH,17175,95210
IDR,PA,11505,130685
IDR,GH,13790,38475
IDR,KH,7950,38170
IDR,SN,5785,41470
IDR,SA,24685,94520
IDR,RU,24535,78285
IDR,UG,5765,30305
IDR,BR,26155,64490
IDR,NI,5755,41295
IDR,MG,5820,29275
IDR,DO,6980,48535
IDR,MX,19725,71380
IDR,OM,12400,71385
IDR,CM,5745,53195
IDR,ZA,23505,75650
IDR,CL,24490,73180
IDR,KE,7070,30545
IDR,NP,5745,27745
IDR,PE,14625,61565
IDR,UA,13945,43550
IDR,MZ,5745,57770
IDR,TZ,725,13255
IDR,AO,12740,33215
IDR,JO,9395,44610
IDR,ZW,5775,31660
IDR,TR,14965,40940
IDR,MU,7665,26185
IDR,SV,5745,31720
IDR,TH,22445,70630
IDR,CO,11385,44060
IDR,LK,5530,7635
IDR,CR,6940,46100
IDR,AR,15500,41990
IDR,MA,6925,27175
IDR,MY,19645,72245
IDR,KZ,8405,30755
IDR,DZ,6890,14580
IDR,ID,17530,65030
IDR,NG,9855,62330
IDR,GT,6905,48810
IDR,VN,14340,54355
IDR,BY,6735,26215
IDR,EG,9080,55475
IDR,UY,7160,32995
IDR,BD,5895,13050
IDR,PK,6460,37200
IDR,PH,11190,41300
IDR,ET,1795,13680
IDR,TN,6895,12495
IDR,LB,6960,20810
IDR,IN,6420,28990
IDR,PY,6900,22185
IDR,UZ,6905,13470
IDR,EC,6705,23005
IDR,MM,6905,7540
IDR,GE,6925,8825
ILS,US,35,105
ILS,CH,35,90
ILS,AU,30,80
ILS,GB,25,70
ILS,DE,25,70
ILS,DK,25,60
ILS,AT,20,55
ILS,NO,20,60
ILS,CA,25,70
ILS,NL,25,60
ILS,SE,20,55
ILS,IE,20,50
ILS,BE,20,50
ILS,FI,15,40
ILS,FR,15,45
ILS,NZ,15,50
ILS,HK,15,45
ILS,CZ,15,35
ILS,SK,15,30
ILS,AE,15,40
ILS,SG,15,50
ILS,IL,15,35
ILS,KW,5,30
ILS,IT,10,25
ILS,JP,15,35
ILS,ES,10,25
ILS,VE,5,20
ILS,HU,10,20
ILS,PT,10,25
ILS,GR,10,20
ILS,KR,15,35
ILS,TW,10,30
ILS,PL,10,25
ILS,ZM,5,10
ILS,PR,5,30
ILS,CI,5,10
ILS,RO,10,20
ILS,BH,5,20
ILS,PA,5,30
ILS,GH,5,10
ILS,KH,5,10
ILS,SN,5,10
ILS,SA,5,20
ILS,RU,5,15
ILS,UG,5,10
ILS,BR,5,15
ILS,NI,5,10
ILS,MG,5,10
ILS,DO,5,10
ILS,MX,5,15
ILS,OM,5,15
ILS,CM,5,10
ILS,ZA,5,15
ILS,CL,5,15
ILS,KE,5,10
ILS,NP,5,10
ILS,PE,5,15
ILS,UA,5,10
ILS,MZ,5,15
ILS,TZ,5,10
ILS,AO,5,10
ILS,JO,5,10
ILS,ZW,5,10
ILS,TR,5,10
ILS,MU,5,10
ILS,SV,5,10
ILS,TH,5,15
ILS,CO,5,10
ILS,LK,5,10
ILS,CR,5,10
ILS,AR,5,10
ILS,MA,5,10
ILS,MY,5,15
ILS,KZ,5,10
ILS,DZ,5,10
ILS,ID,5,15
ILS,NG,5,15
ILS,GT,5,10
ILS,VN,5,10
ILS,BY,5,10
ILS,EG,5,10
ILS,UY,5,10
ILS,BD,5,10
ILS,PK,5,10
ILS,PH,5,10
ILS,ET,5,10
ILS,TN,5,10
ILS,LB,5,10
ILS,IN,5,10
ILS,PY,5,10
ILS,UZ,5,10
ILS,EC,5,10
ILS,MM,5,10
ILS,GE,5,10
INR,US,865,2435
INR,CH,805,2115
INR,AU,730,1880
INR,GB,640,1635
INR,DE,635,1620
INR,DK,585,1445
INR,AT,425,1320
INR,NO,480,1345
INR,CA,535,1635
INR,NL,570,1445
INR,SE,455,1235
INR,IE,450,1190
INR,BE,415,1215
INR,FI,310,945
INR,FR,385,1030
INR,NZ,390,1150
INR,HK,355,1005
INR,CZ,340,815
INR,SK,320,695
INR,AE,300,950
INR,SG,395,1165
INR,IL,345,840
INR,KW,155,755
INR,IT,235,620
INR,JP,295,835
INR,ES,240,635
INR,VE,30,485
INR,HU,205,470
INR,PT,200,530
INR,GR,250,510
INR,KR,310,815
INR,TW,250,670
INR,PL,215,530
INR,ZM,30,175
INR,PR,75,710
INR,CI,40,170
INR,RO,195,475
INR,BH,90,495
INR,PA,60,680
INR,GH,70,200
INR,KH,40,200
INR,SN,30,215
INR,SA,130,490
INR,RU,130,405
INR,UG,30,160
INR,BR,135,335
INR,NI,30,215
INR,MG,30,150
INR,DO,35,250
INR,MX,105,370
INR,OM,65,370
INR,CM,30,275
INR,ZA,120,395
INR,CL,125,380
INR,KE,35,160
INR,NP,30,145
INR,PE,75,320
INR,UA,70,225
INR,MZ,30,300
INR,TZ,5,70
INR,AO,65,175
INR,JO,50,230
INR,ZW,30,165
INR,TR,80,215
INR,MU,40,135
INR,SV,30,165
INR,TH,115,365
INR,CO,60,230
INR,LK,30,40
INR,CR,35,240
INR,AR,80,220
INR,MA,35,140
INR,MY,100,375
INR,KZ,45,160
INR,DZ,35,75
INR,ID,90,340
INR,NG,50,325
INR,GT,35,255
INR,VN,75,280
INR,BY,35,135
INR,EG,45,290
INR,UY,35,170
INR,BD,30,70
INR,PK,35,195
INR,PH,60,215
INR,ET,10,70
INR,TN,35,65
INR,LB,35,110
INR,IN,35,150
INR,PY,35,115
INR,UZ,35,70
INR,EC,35,120
INR,MM,35,40
INR,GE,35,45
JPY,US,1225,3455
JPY,CH,1145,3005
JPY,AU,1040,2670
JPY,GB,905,2320
JPY,DE,900,2300
JPY,DK,830,2055
JPY,AT,605,1875
JPY,NO,685,1910
JPY,CA,755,2320
JPY,NL,810,2055
JPY,SE,650,1750
JPY,IE,640,1690
JPY,BE,590,1730
JPY,FI,440,1340
JPY,FR,545,1460
JPY,NZ,555,1635
JPY,HK,505,1430
JPY,CZ,480,1155
JPY,SK,455,985
JPY,AE,430,1345
JPY,SG,560,1655
JPY,IL,490,1195
JPY,KW,220,1075
JPY,IT,330,875
JPY,JP,415,1185
JPY,ES,340,905
JPY,VE,45,690
JPY,HU,290,670
JPY,PT,285,750
JPY,GR,355,725
JPY,KR,435,1155
JPY,TW,355,950
JPY,PL,305,750
JPY,ZM,45,250
JPY,PR,105,1010
JPY,CI,60,240
JPY,RO,280,675
JPY,BH,125,705
JPY,PA,85,965
JPY,GH,100,285
JPY,KH,60,280
JPY,SN,45,305
JPY,SA,180,700
JPY,RU,180,580
JPY,UG,45,225
JPY,BR,195,475
JPY,NI,40,305
JPY,MG,45,215
JPY,DO,50,360
JPY,MX,145,525
JPY,OM,90,525
JPY,CM,40,395
JPY,ZA,175,560
JPY,CL,180,540
JPY,KE,50,225
JPY,NP,40,205
JPY,PE,110,455
JPY,UA,105,320
JPY,MZ,40,425
JPY,TZ,5,100
JPY,AO,95,245
JPY,JO,70,330
JPY,ZW,45,235
JPY,TR,110,300
JPY,MU,55,195
JPY,SV,40,235
JPY,TH,165,520
JPY,CO,85,325
JPY,LK,40,55
JPY,CR,50,340
JPY,AR,115,310
JPY,MA,50,200
JPY,MY,145,535
JPY,KZ,60,225
JPY,DZ,50,110
JPY,ID,130,480
JPY,NG,75,460
JPY,GT,50,360
JPY,VN,105,400
JPY,BY,50,195
JPY,EG,65,410
JPY,UY,55,245
JPY,BD,45,95
JPY,PK,50,275
JPY,PH,85,305
JPY,ET,15,100
JPY,TN,50,90
JPY,LB,50,155
JPY,IN,45,215
JPY,PY,50,165
JPY,UZ,50,100
JPY,EC,50,170
JPY,MM,50,55
JPY,GE,50,65
KRW,US,12955,36545
KRW,CH,12080,31785
KRW,AU,10990,28220
KRW,GB,9580,24520
KRW,DE,9510,24325
KRW,DK,8750,21715
KRW,AT,6385,19840
KRW,NO,7235,20205
KRW,CA,8000,24530
KRW,NL,8560,21720
KRW,SE,6850,18525
KRW,IE,6780,17870
KRW,BE,6235,18270
KRW,FI,4660,14155
KRW,FR,5770,15445
KRW,NZ,5875,17290
KRW,HK,5340,15105
KRW,CZ,5090,12225
KRW,SK,4805,10410
KRW,AE,4535,14230
KRW,SG,5915,17485
KRW,IL,5160,12625
KRW,KW,2330,11350
KRW,IT,3515,9275
KRW,JP,4405,12520
KRW,ES,3610,9550
KRW,VE,475,7315
KRW,HU,3045,7080
KRW,PT,3040,7920
KRW,GR,3745,7675
KRW,KR,4620,12235
KRW,TW,3755,10050
KRW,PL,3210,7950
KRW,ZM,465,2645
KRW,PR,1135,10665
KRW,CI,620,2560
KRW,RO,2950,7140
KRW,BH,1340,7430
KRW,PA,900,10195
KRW,GH,1075,3000
KRW,KH,620,2980
KRW,SN,450,3235
KRW,SA,1925,7375
KRW,RU,1915,6110
KRW,UG,450,2365
KRW,BR,2040,5030
KRW,NI,450,3220
KRW,MG,455,2285
KRW,DO,545,3785
KRW,MX,1540,5570
KRW,OM,965,5570
KRW,CM,450,4150
KRW,ZA,1835,5905
KRW,CL,1910,5710
KRW,KE,550,2385
KRW,NP,450,2165
KRW,PE,1140,4805
KRW,UA,1090,3400
KRW,MZ,450,4505
KRW,TZ,55,1035
KRW,AO,995,2590
KRW,JO,735,3480
KRW,ZW,450,2470
KRW,TR,1165,3195
KRW,MU,600,2045
KRW,SV,450,2475
KRW,TH,1750,5510
KRW,CO,890,3440
KRW,LK,430,595
KRW,CR,540,3595
KRW,AR,1210,3275
KRW,MA,540,2120
KRW,MY,1535,5635
KRW,KZ,655,2400
KRW,DZ,535,1140
KRW,ID,1370,5075
KRW,NG,770,4865
KRW,GT,540,3810
KRW,VN,1120,4240
KRW,BY,525,2045
KRW,EG,710,4330
KRW,UY,560,2575
KRW,BD,460,1020
KRW,PK,505,2905
KRW,PH,875,3225
KRW,ET,140,1065
KRW,TN,540,975
KRW,LB,545,1625
KRW,IN,500,2260
KRW,PY,540,1730
KRW,UZ,540,1050
KRW,EC,525,1795
KRW,MM,540,590
KRW,GE,540,690
MAD,US,105,295
MAD,CH,100,255
MAD,AU,90,230
MAD,GB,75,200
MAD,DE,75,195
MAD,DK,70,175
MAD,AT,50,160
MAD,NO,60,165
MAD,CA,65,200
MAD,NL,70,175
MAD,SE,55,150
MAD,IE,55,145
MAD,BE,50,150
MAD,FI,40,115
MAD,FR,45,125
MAD,NZ,45,140
MAD,HK,45,120
MAD,CZ,40,100
MAD,SK,40,85
MAD,AE,35,115
MAD,SG,50,140
MAD,IL,40,100
MAD,KW,20,90
MAD,IT,30,75
MAD,JP,35,100
MAD,ES,30,75
MAD,VE,5,60
MAD,HU,25,55
MAD,PT,25,65
MAD,GR,30,60
MAD,KR,35,100
MAD,TW,30,80
MAD,PL,25,65
MAD,ZM,5,20
MAD,PR,10,85
MAD,CI,5,20
MAD,RO,25,60
MAD,BH,10,60
MAD,PA,5,80
MAD,GH,10,25
MAD,KH,5,25
MAD,SN,5,25
MAD,SA,15,60
MAD,RU,15,50
MAD,UG,5,20
MAD,BR,15,40
MAD,NI,5,25
MAD,MG,5,20
MAD,DO,5,30
MAD,MX,10,45
MAD,OM,10,45
MAD,CM,5,35
MAD,ZA,15,50
MAD,CL,15,45
MAD,KE,5,20
MAD,NP,5,15
MAD,PE,10,40
MAD,UA,10,25
MAD,MZ,5,35
MAD,TZ,5,10
MAD,AO,10,20
MAD,JO,5,30
MAD,ZW,5,20
MAD,TR,10,25
MAD,MU,5,15
MAD,SV,5,20
MAD,TH,15,45
MAD,CO,5,30
MAD,LK,5,10
MAD,CR,5,30
MAD,AR,10,25
MAD,MA,5,15
MAD,MY,10,45
MAD,KZ,5,20
MAD,DZ,5,10
MAD,ID,10,40
MAD,NG,5,40
MAD,GT,5,30
MAD,VN,10,35
MAD,BY,5,15
MAD,EG,5,35
MAD,UY,5,20
MAD,BD,5,10
MAD,PK,5,25
MAD,PH,5,25
MAD,ET,5,10
MAD,TN,5,10
MAD,LB,5,15
MAD,IN,5,20
MAD,PY,5,15
MAD,UZ,5,10
MAD,EC,5,15
MAD,MM,5,10
MAD,GE,5,10
MXN,US,235,660
MXN,CH,220,575
MXN,AU,200,510
MXN,GB,175,445
MXN,DE,170,440
MXN,DK,160,390
MXN,AT,115,360
MXN,NO,130,365
MXN,CA,145,445
MXN,NL,155,395
MXN,SE,125,335
MXN,IE,120,325
MXN,BE,115,330
MXN,FI,85,255
MXN,FR,105,280
MXN,NZ,105,310
MXN,HK,95,275
MXN,CZ,90,220
MXN,SK,85,190
MXN,AE,80,255
MXN,SG,105,315
MXN,IL,95,230
MXN,KW,40,205
MXN,IT,65,170
MXN,JP,80,225
MXN,ES,65,175
MXN,VE,10,130
MXN,HU,55,130
MXN,PT,55,145
MXN,GR,70,140
MXN,KR,85,220
MXN,TW,70,180
MXN,PL,60,145
MXN,ZM,10,50
MXN,PR,20,195
MXN,CI,10,45
MXN,RO,55,130
MXN,BH,25,135
MXN,PA,15,185
MXN,GH,20,55
MXN,KH,10,55
MXN,SN,10,60
MXN,SA,35,135
MXN,RU,35,110
MXN,UG,10,45
MXN,BR,35,90
MXN,NI,10,60
MXN,MG,10,40
MXN,DO,10,70
MXN,MX,30,100
MXN,OM,15,100
MXN,CM,10,75
MXN,ZA,35,105
MXN,CL,35,105
MXN,KE,10,45
MXN,NP,10,40
MXN,PE,20,85
MXN,UA,20,60
MXN,MZ,10,80
MXN,TZ,5,20
MXN,AO,20,45
MXN,JO,15,65
MXN,ZW,10,45
MXN,TR,20,60
MXN,MU,10,35
MXN,SV,10,45
MXN,TH,30,100
MXN,CO,15,60
MXN,LK,10,15
MXN,CR,10,65
MXN,AR,20,60
MXN,MA,10,40
MXN,MY,30,100
MXN,KZ,10,45
MXN,DZ,10,20
MXN,ID,25,90
MXN,NG,15,90
MXN,GT,10,70
MXN,VN,20,75
MXN,BY,10,35
MXN,EG,15,80
MXN,UY,10,45
MXN,BD,10,20
MXN,PK,10,50
MXN,PH,15,60
MXN,ET,5,20
MXN,TN,10,20
MXN,LB,10,30
MXN,IN,10,40
MXN,PY,10,30
MXN,UZ,10,20
MXN,EC,10,30
MXN,MM,10,15
MXN,GE,10,15
MYR,US,50,135
MYR,CH,45,115
MYR,AU,40,105
MYR,GB,35,90
MYR,DE,35,90
MYR,DK,30,80
MYR,AT,25,75
MYR,NO,25,75
MYR,CA,30,90
MYR,NL,30,80
MYR,SE,25,70
MYR,IE,25,65
MYR,BE,25,65
MYR,FI,15,50
MYR,FR,20,55
MYR,NZ,20,65
MYR,HK,20,55
MYR,CZ,20,45
MYR,SK,20,40
MYR,AE,15,50
MYR,SG,20,65
MYR,IL,20,45
MYR,KW,10,40
MYR,IT,15,35
MYR,JP,15,45
MYR,ES,15,35
MYR,VE,5,25
MYR,HU,10,25
MYR,PT,10,30
MYR,GR,15,30
MYR,KR,15,45
MYR,TW,15,35
MYR,PL,10,30
MYR,ZM,5,10
MYR,PR,5,40
MYR,CI,5,10
MYR,RO,10,25
MYR,BH,5,25
MYR,PA,5,40
MYR,GH,5,10
MYR,KH,5,10
MYR,SN,5,10
MYR,SA,5,25
MYR,RU,5,20
MYR,UG,5,10
MYR,BR,10,20
MYR,NI,5,10
MYR,MG,5,10
MYR,DO,5,15
MYR,MX,5,20
MYR,OM,5,20
MYR,CM,5,15
MYR,ZA,5,20
MYR,CL,5,20
MYR,KE,5,10
MYR,NP,5,10
MYR,PE,5,20
MYR,UA,5,15
MYR,MZ,5,15
MYR,TZ,5,10
MYR,AO,5,10
MYR,JO,5,15
MYR,ZW,5,10
MYR,TR,5,10
MYR,MU,5,10
MYR,SV,5,10
MYR,TH,5,20
MYR,CO,5,15
MYR,LK,5,10
MYR,CR,5,15
MYR,AR,5,10
MYR,MA,5,10
MYR,MY,5,20
MYR,KZ,5,10
MYR,DZ,5,10
MYR,ID,5,20
MYR,NG,5,20
MYR,GT,5,15
MYR,VN,5,15
MYR,BY,5,10
MYR,EG,5,15
MYR,UY,5,10
MYR,BD,5,10
MYR,PK,5,10
MYR,PH,5,10
MYR,ET,5,10
MYR,TN,5,10
MYR,LB,5,10
MYR,IN,5,10
MYR,PY,5,10
MYR,UZ,5,10
MYR,EC,5,10
MYR,MM,5,10
MYR,GE,5,10
NGN,US,4490,12665
NGN,CH,4185,11015
NGN,AU,3810,9780
NGN,GB,3320,8495
NGN,DE,3295,8430
NGN,DK,3030,7525
NGN,AT,2210,6875
NGN,NO,2505,7000
NGN,CA,2770,8500
NGN,NL,2965,7525
NGN,SE,2375,6420
NGN,IE,2350,6190
NGN,BE,2160,6330
NGN,FI,1615,4905
NGN,FR,2000,5350
NGN,NZ,2035,5990
NGN,HK,1850,5235
NGN,CZ,1765,4235
NGN,SK,1665,3610
NGN,AE,1570,4930
NGN,SG,2050,6060
NGN,IL,1790,4375
NGN,KW,805,3935
NGN,IT,1220,3215
NGN,JP,1525,4340
NGN,ES,1250,3310
NGN,VE,165,2535
NGN,HU,1055,2455
NGN,PT,1055,2745
NGN,GR,1300,2660
NGN,KR,1600,4240
NGN,TW,1300,3485
NGN,PL,1115,2755
NGN,ZM,160,915
NGN,PR,395,3695
NGN,CI,215,885
NGN,RO,1025,2475
NGN,BH,465,2575
NGN,PA,310,3535
NGN,GH,375,1040
NGN,KH,215,1030
NGN,SN,155,1120
NGN,SA,665,2555
NGN,RU,665,2115
NGN,UG,155,820
NGN,BR,705,1745
NGN,NI,155,1115
NGN,MG,155,790
NGN,DO,190,1310
NGN,MX,535,1930
NGN,OM,335,1930
NGN,CM,155,1440
NGN,ZA,635,2045
NGN,CL,660,1980
NGN,KE,190,825
NGN,NP,155,750
NGN,PE,395,1665
NGN,UA,375,1175
NGN,MZ,155,1560
NGN,TZ,20,360
NGN,AO,345,900
NGN,JO,255,1205
NGN,ZW,155,855
NGN,TR,405,1105
NGN,MU,205,710
NGN,SV,155,860
NGN,TH,605,1910
NGN,CO,310,1190
NGN,LK,150,205
NGN,CR,190,1245
NGN,AR,420,1135
NGN,MA,185,735
NGN,MY,530,1955
NGN,KZ,225,830
NGN,DZ,185,395
NGN,ID,475,1760
NGN,NG,265,1685
NGN,GT,185,1320
NGN,VN,390,1470
NGN,BY,180,710
NGN,EG,245,1500
NGN,UY,195,890
NGN,BD,160,355
NGN,PK,175,1005
NGN,PH,305,1115
NGN,ET,50,370
NGN,TN,185,340
NGN,LB,190,565
NGN,IN,175,785
NGN,PY,185,600
NGN,UZ,185,365
NGN,EC,180,620
NGN,MM,185,205
NGN,GE,185,240
NOK,US,100,280
NOK,CH,95,245
NOK,AU,85,220
NOK,GB,75,190
NOK,DE,75,190
NOK,DK,70,170
NOK,AT,50,155
NOK,NO,55,155
NOK,CA,60,190
NOK,NL,65,170
NOK,SE,55,145
NOK,IE,50,140
NOK,BE,50,140
NOK,FI,35,110
NOK,FR,45,120
NOK,NZ,45,135
NOK,HK,40,115
NOK,CZ,40,95
NOK,SK,35,80
NOK,AE,35,110
NOK,SG,45,135
NOK,IL,40,95
NOK,KW,20,90
NOK,IT,25,70
NOK,JP,35,95
NOK,ES,30,75
NOK,VE,5,55
NOK,HU,25,55
NOK,PT,25,60
NOK,GR,30,60
NOK,KR,35,95
NOK,TW,30,80
NOK,PL,25,60
NOK,ZM,5,20
NOK,PR,10,80
NOK,CI,5,20
NOK,RO,25,55
NOK,BH,10,55
NOK,PA,5,80
NOK,GH,10,25
NOK,KH,5,25
NOK,SN,5,25
NOK,SA,15,55
NOK,RU,15,45
NOK,UG,5,20
NOK,BR,15,40
NOK,NI,5,25
NOK,MG,5,20
NOK,DO,5,30
NOK,MX,10,45
NOK,OM,5,45
NOK,CM,5,30
NOK,ZA,15,45
NOK,CL,15,45
NOK,KE,5,20
NOK,NP,5,15
NOK,PE,10,35
NOK,UA,10,25
NOK,MZ,5,35
NOK,TZ,5,10
NOK,AO,10,20
NOK,JO,5,25
NOK,ZW,5,20
NOK,TR,10,25
NOK,MU,5,15
NOK,SV,5,20
NOK,TH,15,45
NOK,CO,5,25
NOK,LK,5,10
NOK,CR,5,30
NOK,AR,10,25
NOK,MA,5,15
NOK,MY,10,45
NOK,KZ,5,20
NOK,DZ,5,10
NOK,ID,10,40
NOK,NG,5,40
NOK,GT,5,30
NOK,VN,10,35
NOK,BY,5,15
NOK,EG,5,35
NOK,UY,5,20
NOK,BD,5,10
NOK,PK,5,20
NOK,PH,5,25
NOK,ET,5,10
NOK,TN,5,10
NOK,LB,5,15
NOK,IN,5,15
NOK,PY,5,15
NOK,UZ,5,10
NOK,EC,5,15
NOK,MM,5,10
NOK,GE,5,10
PEN,US,45,120
PEN,CH,40,105
PEN,AU,35,95
PEN,GB,30,80
PEN,DE,30,80
PEN,DK,30,70
PEN,AT,20,65
PEN,NO,25,65
PEN,CA,25,80
PEN,NL,30,70
PEN,SE,25,60
PEN,IE,20,60
PEN,BE,20,60
PEN,FI,15,45
PEN,FR,20,50
PEN,NZ,20,55
PEN,HK,20,50
PEN,CZ,15,40
PEN,SK,15,35
PEN,AE,15,45
PEN,SG,20,60
PEN,IL,15,40
PEN,KW,10,35
PEN,IT,10,30
PEN,JP,15,40
PEN,ES,10,30
PEN,VE,5,25
PEN,HU,10,25
PEN,PT,10,25
PEN,GR,10,25
PEN,KR,15,40
PEN,TW,10,35
PEN,PL,10,25
PEN,ZM,5,10
PEN,PR,5,35
PEN,CI,5,10
PEN,RO,10,25
PEN,BH,5,25
PEN,PA,5,35
PEN,GH,5,10
PEN,KH,5,10
PEN,SN,5,10
PEN,SA,5,25
PEN,RU,5,20
PEN,UG,5,10
PEN,BR,5,15
PEN,NI,5,10
PEN,MG,5,10
PEN,DO,5,10
PEN,MX,5,20
PEN,OM,5,20
PEN,CM,5,15
PEN,ZA,5,20
PEN,CL,5,20
PEN,KE,5,10
PEN,NP,5,10
PEN,PE,5,15
PEN,UA,5,10
PEN,MZ,5,15
PEN,TZ,5,10
PEN,AO,5,10
PEN,JO,5,10
PEN,ZW,5,10
PEN,TR,5,10
PEN,MU,5,10
PEN,SV,5,10
PEN,TH,5,20
PEN,CO,5,10
PEN,LK,5,10
PEN,CR,5,10
PEN,AR,5,10
PEN,MA,5,10
PEN,MY,5,20
PEN,KZ,5,10
PEN,DZ,5,10
PEN,ID,5,15
PEN,NG,5,15
PEN,GT,5,15
PEN,VN,5,15
PEN,BY,5,10
PEN,EG,5,15
PEN,UY,5,10
PEN,BD,5,10
PEN,PK,5,10
PEN,PH,5,10
PEN,ET,5,10
PEN,TN,5,10
PEN,LB,5,10
PEN,IN,5,10
PEN,PY,5,10
PEN,UZ,5,10
PEN,EC,5,10
PEN,MM,5,10
PEN,GE,5,10
PHP,US,565,1600
PHP,CH,530,1390
PHP,AU,480,1235
PHP,GB,420,1070
PHP,DE,415,1065
PHP,DK,380,950
PHP,AT,280,865
PHP,NO,315,885
PHP,CA,350,1070
PHP,NL,375,950
PHP,SE,300,810
PHP,IE,295,780
PHP,BE,275,800
PHP,FI,205,620
PHP,FR,250,675
PHP,NZ,255,755
PHP,HK,235,660
PHP,CZ,225,535
PHP,SK,210,455
PHP,AE,200,620
PHP,SG,260,765
PHP,IL,225,550
PHP,KW,100,495
PHP,IT,155,405
PHP,JP,195,545
PHP,ES,160,420
PHP,VE,20,320
PHP,HU,135,310
PHP,PT,135,345
PHP,GR,165,335
PHP,KR,200,535
PHP,TW,165,440
PHP,PL,140,350
PHP,ZM,20,115
PHP,PR,50,465
PHP,CI,25,110
PHP,RO,130,310
PHP,BH,60,325
PHP,PA,40,445
PHP,GH,45,130
PHP,KH,25,130
PHP,SN,20,140
PHP,SA,85,320
PHP,RU,85,265
PHP,UG,20,105
PHP,BR,90,220
PHP,NI,20,140
PHP,MG,20,100
PHP,DO,25,165
PHP,MX,65,245
PHP,OM,40,245
PHP,CM,20,180
PHP,ZA,80,260
PHP,CL,85,250
PHP,KE,25,105
PHP,NP,20,95
PHP,PE,50,210
PHP,UA,50,150
PHP,MZ,20,195
PHP,TZ,5,45
PHP,AO,45,115
PHP,JO,30,150
PHP,ZW,20,110
PHP,TR,50,140
PHP,MU,25,90
PHP,SV,20,110
PHP,TH,75,240
PHP,CO,40,150
PHP,LK,20,25
PHP,CR,25,155
PHP,AR,55,145
PHP,MA,25,95
PHP,MY,65,245
PHP,KZ,30,105
PHP,DZ,25,50
PHP,ID,60,220
PHP,NG,35,215
PHP,GT,25,165
PHP,VN,50,185
PHP,BY,25,90
PHP,EG,30,190
PHP,UY,25,115
PHP,BD,20,45
PHP,PK,20,125
PHP,PH,40,140
PHP,ET,5,45
PHP,TN,25,45
PHP,LB,25,70
PHP,IN,20,100
PHP,PY,25,75
PHP,UZ,25,45
PHP,EC,25,80
PHP,MM,25,30
PHP,GE,25,30
PKR,US,1895,5340
PKR,CH,1765,4645
PKR,AU,1605,4125
PKR,GB,1400,3585
PKR,DE,1390,3555
PKR,DK,1280,3175
PKR,AT,935,2900
PKR,NO,1055,2955
PKR,CA,1170,3585
PKR,NL,1250,3175
PKR,SE,1000,2705
PKR,IE,990,2610
PKR,BE,910,2670
PKR,FI,680,2070
PKR,FR,845,2255
PKR,NZ,860,2525
PKR,HK,780,2205
PKR,CZ,745,1785
PKR,SK,700,1520
PKR,AE,665,2080
PKR,SG,865,2555
PKR,IL,755,1845
PKR,KW,340,1660
PKR,IT,515,1355
PKR,JP,645,1830
PKR,ES,530,1395
PKR,VE,70,1070
PKR,HU,445,1035
PKR,PT,445,1160
PKR,GR,550,1120
PKR,KR,675,1790
PKR,TW,550,1470
PKR,PL,470,1160
PKR,ZM,70,385
PKR,PR,165,1560
PKR,CI,90,375
PKR,RO,430,1045
PKR,BH,195,1085
PKR,PA,130,1490
PKR,GH,155,440
PKR,KH,90,435
PKR,SN,65,475
PKR,SA,280,1080
PKR,RU,280,895
PKR,UG,65,345
PKR,BR,300,735
PKR,NI,65,470
PKR,MG,65,335
PKR,DO,80,555
PKR,MX,225,815
PKR,OM,140,815
PKR,CM,65,605
PKR,ZA,270,865
PKR,CL,280,835
PKR,KE,80,350
PKR,NP,65,315
PKR,PE,165,700
PKR,UA,160,495
PKR,MZ,65,660
PKR,TZ,10,150
PKR,AO,145,380
PKR,JO,105,510
PKR,ZW,65,360
PKR,TR,170,465
PKR,MU,85,300
PKR,SV,65,360
PKR,TH,255,805
PKR,CO,130,500
PKR,LK,65,85
PKR,CR,80,525
PKR,AR,175,480
PKR,MA,80,310
PKR,MY,225,825
PKR,KZ,95,350
PKR,DZ,80,165
PKR,ID,200,740
PKR,NG,110,710
PKR,GT,80,555
PKR,VN,165,620
PKR,BY,75,300
PKR,EG,105,635
PKR,UY,80,375
PKR,BD,65,150
PKR,PK,75,425
PKR,PH,130,470
PKR,ET,20,155
PKR,TN,80,140
PKR,LB,80,235
PKR,IN,75,330
PKR,PY,80,255
PKR,UZ,80,155
PKR,EC,75,260
PKR,MM,80,85
PKR,GE,80,100
PLN,US,45,125
PLN,CH,40,110
PLN,AU,35,95
PLN,GB,35,85
PLN,DE,30,85
PLN,DK,30,75
PLN,AT,20,65
PLN,NO,25,70
PLN,CA,25,85
PLN,NL,30,75
PLN,SE,25,65
PLN,IE,25,60
PLN,BE,20,60
PLN,FI,15,50
PLN,FR,20,55
PLN,NZ,20,60
PLN,HK,20,50
PLN,CZ,15,40
PLN,SK,15,35
PLN,AE,15,50
PLN,SG,20,60
PLN,IL,20,45
PLN,KW,10,40
PLN,IT,10,30
PLN,JP,15,45
PLN,ES,10,30
PLN,VE,5,25
PLN,HU,10,25
PLN,PT,10,25
PLN,GR,15,25
PLN,KR,15,40
PLN,TW,15,35
PLN,PL,10,25
PLN,ZM,5,10
PLN,PR,5,35
PLN,CI,5,10
PLN,RO,10,25
PLN,BH,5,25
PLN,PA,5,35
PLN,GH,5,10
PLN,KH,5,10
PLN,SN,5,10
PLN,SA,5,25
PLN,RU,5,20
PLN,UG,5,10
PLN,BR,5,15
PLN,NI,5,10
PLN,MG,5,10
PLN,DO,5,15
PLN,MX,5,20
PLN,OM,5,20
PLN,CM,5,15
PLN,ZA,5,20
PLN,CL,5,20
PLN,KE,5,10
PLN,NP,5,10
PLN,PE,5,15
PLN,UA,5,10
PLN,MZ,5,15
PLN,TZ,5,10
PLN,AO,5,10
PLN,JO,5,10
PLN,ZW,5,10
PLN,TR,5,10
PLN,MU,5,10
PLN,SV,5,10
PLN,TH,5,20
PLN,CO,5,10
PLN,LK,5,10
PLN,CR,5,10
PLN,AR,5,10
PLN,MA,5,10
PLN,MY,5,20
PLN,KZ,5,10
PLN,DZ,5,10
PLN,ID,5,15
PLN,NG,5,15
PLN,GT,5,15
PLN,VN,5,15
PLN,BY,5,10
PLN,EG,5,15
PLN,UY,5,10
PLN,BD,5,10
PLN,PK,5,10
PLN,PH,5,10
PLN,ET,5,10
PLN,TN,5,10
PLN,LB,5,10
PLN,IN,5,10
PLN,PY,5,10
PLN,UZ,5,10
PLN,EC,5,10
PLN,MM,5,10
PLN,GE,5,10
RON,US,45,135
RON,CH,45,115
RON,AU,40,105
RON,GB,35,90
RON,DE,35,90
RON,DK,30,80
RON,AT,25,70
RON,NO,25,75
RON,CA,30,90
RON,NL,30,80
RON,SE,25,70
RON,IE,25,65
RON,BE,25,65
RON,FI,15,50
RON,FR,20,55
RON,NZ,20,65
RON,HK,20,55
RON,CZ,20,45
RON,SK,20,40
RON,AE,15,50
RON,SG,20,65
RON,IL,20,45
RON,KW,10,40
RON,IT,15,35
RON,JP,15,45
RON,ES,15,35
RON,VE,5,25
RON,HU,10,25
RON,PT,10,30
RON,GR,15,30
RON,KR,15,45
RON,TW,15,35
RON,PL,10,30
RON,ZM,5,10
RON,PR,5,40
RON,CI,5,10
RON,RO,10,25
RON,BH,5,25
RON,PA,5,35
RON,GH,5,10
RON,KH,5,10
RON,SN,5,10
RON,SA,5,25
RON,RU,5,20
RON,UG,5,10
RON,BR,5,20
RON,NI,5,10
RON,MG,5,10
RON,DO,5,15
RON,MX,5,20
RON,OM,5,20
RON,CM,5,15
RON,ZA,5,20
RON,CL,5,20
RON,KE,5,10
RON,NP,5,10
RON,PE,5,20
RON,UA,5,10
RON,MZ,5,15
RON,TZ,5,10
RON,AO,5,10
RON,JO,5,15
RON,ZW,5,10
RON,TR,5,10
RON,MU,5,10
RON,SV,5,10
RON,TH,5,20
RON,CO,5,15
RON,LK,5,10
RON,CR,5,15
RON,AR,5,10
RON,MA,5,10
RON,MY,5,20
RON,KZ,5,10
RON,DZ,5,10
RON,ID,5,20
RON,NG,5,20
RON,GT,5,15
RON,VN,5,15
RON,BY,5,10
RON,EG,5,15
RON,UY,5,10
RON,BD,5,10
RON,PK,5,10
RON,PH,5,10
RON,ET,5,10
RON,TN,5,10
RON,LB,5,10
RON,IN,5,10
RON,PY,5,10
RON,UZ,5,10
RON,EC,5,10
RON,MM,5,10
RON,GE,5,10
RSD,US,1140,3220
RSD,CH,1065,2800
RSD,AU,970,2485
RSD,GB,845,2160
RSD,DE,840,2145
RSD,DK,770,1915
RSD,AT,560,1750
RSD,NO,635,1780
RSD,CA,705,2160
RSD,NL,755,1915
RSD,SE,605,1630
RSD,IE,595,1575
RSD,BE,550,1610
RSD,FI,410,1245
RSD,FR,510,1360
RSD,NZ,515,1525
RSD,HK,470,1330
RSD,CZ,450,1075
RSD,SK,425,915
RSD,AE,400,1255
RSD,SG,520,1540
RSD,IL,455,1110
RSD,KW,205,1000
RSD,IT,310,815
RSD,JP,390,1105
RSD,ES,320,840
RSD,VE,40,645
RSD,HU,270,625
RSD,PT,270,700
RSD,GR,330,675
RSD,KR,405,1075
RSD,TW,330,885
RSD,PL,285,700
RSD,ZM,40,235
RSD,PR,100,940
RSD,CI,55,225
RSD,RO,260,630
RSD,BH,120,655
RSD,PA,80,900
RSD,GH,95,265
RSD,KH,55,260
RSD,SN,40,285
RSD,SA,170,650
RSD,RU,170,540
RSD,UG,40,210
RSD,BR,180,445
RSD,NI,40,285
RSD,MG,40,200
RSD,DO,50,335
RSD,MX,135,490
RSD,OM,85,490
RSD,CM,40,365
RSD,ZA,160,520
RSD,CL,170,505
RSD,KE,50,210
RSD,NP,40,190
RSD,PE,100,425
RSD,UA,95,300
RSD,MZ,40,395
RSD,TZ,5,90
RSD,AO,90,230
RSD,JO,65,305
RSD,ZW,40,220
RSD,TR,105,280
RSD,MU,55,180
RSD,SV,40,220
RSD,TH,155,485
RSD,CO,80,305
RSD,LK,40,50
RSD,CR,50,315
RSD,AR,105,290
RSD,MA,50,185
RSD,MY,135,495
RSD,KZ,60,210
RSD,DZ,45,100
RSD,ID,120,445
RSD,NG,70,430
RSD,GT,45,335
RSD,VN,100,375
RSD,BY,45,180
RSD,EG,60,380
RSD,UY,50,225
RSD,BD,40,90
RSD,PK,45,255
RSD,PH,75,285
RSD,ET,10,95
RSD,TN,45,85
RSD,LB,50,145
RSD,IN,45,200
RSD,PY,45,150
RSD,UZ,45,95
RSD,EC,45,160
RSD,MM,45,50
RSD,GE,50,60
RUB,US,870,2455
RUB,CH,810,2135
RUB,AU,740,1895
RUB,GB,645,1650
RUB,DE,640,1635
RUB,DK,590,1460
RUB,AT,430,1335
RUB,NO,485,1360
RUB,CA,540,1650
RUB,NL,575,1460
RUB,SE,460,1245
RUB,IE,455,1200
RUB,BE,420,1230
RUB,FI,315,950
RUB,FR,390,1040
RUB,NZ,395,1160
RUB,HK,360,1015
RUB,CZ,340,820
RUB,SK,325,700
RUB,AE,305,955
RUB,SG,400,1175
RUB,IL,345,850
RUB,KW,155,765
RUB,IT,235,625
RUB,JP,295,840
RUB,ES,245,640
RUB,VE,30,490
RUB,HU,205,475
RUB,PT,205,530
RUB,GR,250,515
RUB,KR,310,820
RUB,TW,250,675
RUB,PL,215,535
RUB,ZM,30,180
RUB,PR,75,715
RUB,CI,40,170
RUB,RO,200,480
RUB,BH,90,500
RUB,PA,60,685
RUB,GH,70,200
RUB,KH,40,200
RUB,SN,30,220
RUB,SA,130,495
RUB,RU,130,410
RUB,UG,30,160
RUB,BR,135,340
RUB,NI,30,215
RUB,MG,30,155
RUB,DO,35,255
RUB,MX,105,375
RUB,OM,65,375
RUB,CM,30,280
RUB,ZA,125,395
RUB,CL,130,385
RUB,KE,35,160
RUB,NP,30,145
RUB,PE,75,325
RUB,UA,75,230
RUB,MZ,30,305
RUB,TZ,5,70
RUB,AO,65,175
RUB,JO,50,235
RUB,ZW,30,165
RUB,TR,80,215
RUB,MU,40,135
RUB,SV,30,165
RUB,TH,120,370
RUB,CO,60,230
RUB,LK,30,40
RUB,CR,35,240
RUB,AR,80,220
RUB,MA,35,145
RUB,MY,105,380
RUB,KZ,45,160
RUB,DZ,35,75
RUB,ID,90,340
RUB,NG,50,325
RUB,GT,35,255
RUB,VN,75,285
RUB,BY,35,140
RUB,EG,50,290
RUB,UY,40,175
RUB,BD,30,70
RUB,PK,35,195
RUB,PH,60,215
RUB,ET,10,70
RUB,TN,35,65
RUB,LB,35,110
RUB,IN,35,150
RUB,PY,35,115
RUB,UZ,35,70
RUB,EC,35,120
RUB,MM,35,40
RUB,GE,35,45
SAR,US,45,125
SAR,CH,40,110
SAR,AU,40,95
SAR,GB,35,85
SAR,DE,30,85
SAR,DK,30,75
SAR,AT,20,70
SAR,NO,25,70
SAR,CA,25,85
SAR,NL,30,75
SAR,SE,25,65
SAR,IE,25,60
SAR,BE,20,60
SAR,FI,15,50
SAR,FR,20,55
SAR,NZ,20,60
SAR,HK,20,50
SAR,CZ,15,40
SAR,SK,15,35
SAR,AE,15,50
SAR,SG,20,60
SAR,IL,20,45
SAR,KW,10,40
SAR,IT,10,30
SAR,JP,15,45
SAR,ES,10,35
SAR,VE,5,25
SAR,HU,10,25
SAR,PT,10,25
SAR,GR,15,25
SAR,KR,15,40
SAR,TW,15,35
SAR,PL,10,25
SAR,ZM,5,10
SAR,PR,5,35
SAR,CI,5,10
SAR,RO,10,25
SAR,BH,5,25
SAR,PA,5,35
SAR,GH,5,10
SAR,KH,5,10
SAR,SN,5,10
SAR,SA,5,25
SAR,RU,5,20
SAR,UG,5,10
SAR,BR,5,15
SAR,NI,5,10
SAR,MG,5,10
SAR,DO,5,15
SAR,MX,5,20
SAR,OM,5,20
SAR,CM,5,15
SAR,ZA,5,20
SAR,CL,5,20
SAR,KE,5,10
SAR,NP,5,10
SAR,PE,5,15
SAR,UA,5,10
SAR,MZ,5,15
SAR,TZ,5,10
SAR,AO,5,10
SAR,JO,5,10
SAR,ZW,5,10
SAR,TR,5,10
SAR,MU,5,10
SAR,SV,5,10
SAR,TH,5,20
SAR,CO,5,10
SAR,LK,5,10
SAR,CR,5,10
SAR,AR,5,10
SAR,MA,5,10
SAR,MY,5,20
SAR,KZ,5,10
SAR,DZ,5,10
SAR,ID,5,15
SAR,NG,5,15
SAR,GT,5,15
SAR,VN,5,15
SAR,BY,5,10
SAR,EG,5,15
SAR,UY,5,10
SAR,BD,5,10
SAR,PK,5,10
SAR,PH,5,10
SAR,ET,5,10
SAR,TN,5,10
SAR,LB,5,10
SAR,IN,5,10
SAR,PY,5,10
SAR,UZ,5,10
SAR,EC,5,10
SAR,MM,5,10
SAR,GE,5,10
SEK,US,100,280
SEK,CH,90,240
SEK,AU,85,215
SEK,GB,75,185
SEK,DE,70,185
SEK,DK,65,165
SEK,AT,50,150
SEK,NO,55,155
SEK,CA,60,185
SEK,NL,65,165
SEK,SE,50,140
SEK,IE,50,135
SEK,BE,45,140
SEK,FI,35,110
SEK,FR,45,115
SEK,NZ,45,130
SEK,HK,40,115
SEK,CZ,40,95
SEK,SK,35,80
SEK,AE,35,110
SEK,SG,45,135
SEK,IL,40,95
SEK,KW,20,85
SEK,IT,25,70
SEK,JP,35,95
SEK,ES,25,75
SEK,VE,5,55
SEK,HU,25,55
SEK,PT,25,60
SEK,GR,30,60
SEK,KR,35,95
SEK,TW,30,75
SEK,PL,25,60
SEK,ZM,5,20
SEK,PR,10,80
SEK,CI,5,20
SEK,RO,20,55
SEK,BH,10,55
SEK,PA,5,80
SEK,GH,10,25
SEK,KH,5,25
SEK,SN,5,25
SEK,SA,15,55
SEK,RU,15,45
SEK,UG,5,20
SEK,BR,15,40
SEK,NI,5,25
SEK,MG,5,15
SEK,DO,5,30
SEK,MX,10,40
SEK,OM,5,40
SEK,CM,5,30
SEK,ZA,15,45
SEK,CL,15,45
SEK,KE,5,20
SEK,NP,5,15
SEK,PE,10,35
SEK,UA,10,25
SEK,MZ,5,35
SEK,TZ,5,10
SEK,AO,10,20
SEK,JO,5,25
SEK,ZW,5,20
SEK,TR,10,25
SEK,MU,5,15
SEK,SV,5,20
SEK,TH,15,40
SEK,CO,5,25
SEK,LK,5,10
SEK,CR,5,25
SEK,AR,10,25
SEK,MA,5,15
SEK,MY,10,45
SEK,KZ,5,20
SEK,DZ,5,10
SEK,ID,10,40
SEK,NG,5,35
SEK,GT,5,30
SEK,VN,10,30
SEK,BY,5,15
SEK,EG,5,35
SEK,UY,5,20
SEK,BD,5,10
SEK,PK,5,20
SEK,PH,5,25
SEK,ET,5,10
SEK,TN,5,10
SEK,LB,5,10
SEK,IN,5,15
SEK,PY,5,15
SEK,UZ,5,10
SEK,EC,5,15
SEK,MM,5,10
SEK,GE,5,10
SGD,US,15,45
SGD,CH,15,40
SGD,AU,15,35
SGD,GB,10,30
SGD,DE,10,30
SGD,DK,10,25
SGD,AT,10,25
SGD,NO,10,25
SGD,CA,10,30
SGD,NL,10,25
SGD,SE,10,20
SGD,IE,10,20
SGD,BE,10,20
SGD,FI,5,15
SGD,FR,5,20
SGD,NZ,5,20
SGD,HK,5,20
SGD,CZ,5,15
SGD,SK,5,15
SGD,AE,5,15
SGD,SG,5,20
SGD,IL,5,15
SGD,KW,5,15
SGD,IT,5,10
SGD,JP,5,15
SGD,ES,5,10
SGD,VE,5,10
SGD,HU,5,10
SGD,PT,5,10
SGD,GR,5,10
SGD,KR,5,15
SGD,TW,5,10
SGD,PL,5,10
SGD,ZM,5,10
SGD,PR,5,15
SGD,CI,5,10
SGD,RO,5,10
SGD,BH,5,10
SGD,PA,5,10
SGD,GH,5,10
SGD,KH,5,10
SGD,SN,5,10
SGD,SA,5,10
SGD,RU,5,10
SGD,UG,5,10
SGD,BR,5,10
SGD,NI,5,10
SGD,MG,5,10
SGD,DO,5,10
SGD,MX,5,10
SGD,OM,5,10
SGD,CM,5,10
SGD,ZA,5,10
SGD,CL,5,10
SGD,KE,5,10
SGD,NP,5,10
SGD,PE,5,10
SGD,UA,5,10
SGD,MZ,5,10
SGD,TZ,5,10
SGD,AO,5,10
SGD,JO,5,10
SGD,ZW,5,10
SGD,TR,5,10
SGD,MU,5,10
SGD,SV,5,10
SGD,TH,5,10
SGD,CO,5,10
SGD,LK,5,10
SGD,CR,5,10
SGD,AR,5,10
SGD,MA,5,10
SGD,MY,5,10
SGD,KZ,5,10
SGD,DZ,5,10
SGD,ID,5,10
SGD,NG,5,10
SGD,GT,5,10
SGD,VN,5,10
SGD,BY,5,10
SGD,EG,5,10
SGD,UY,5,10
SGD,BD,5,10
SGD,PK,5,10
SGD,PH,5,10
SGD,ET,5,10
SGD,TN,5,10
SGD,LB,5,10
SGD,IN,5,10
SGD,PY,5,10
SGD,UZ,5,10
SGD,EC,5,10
SGD,MM,5,10
SGD,GE,5,10
THB,US,355,1000
THB,CH,330,870
THB,AU,300,770
THB,GB,260,670
THB,DE,260,665
THB,DK,240,595
THB,AT,175,545
THB,NO,200,550
THB,CA,220,670
THB,NL,235,595
THB,SE,185,505
THB,IE,185,490
THB,BE,170,500
THB,FI,125,385
THB,FR,160,420
THB,NZ,160,475
THB,HK,145,415
THB,CZ,140,335
THB,SK,130,285
THB,AE,125,390
THB,SG,160,480
THB,IL,140,345
THB,KW,65,310
THB,IT,95,255
THB,JP,120,340
THB,ES,100,260
THB,VE,15,200
THB,HU,85,195
THB,PT,85,215
THB,GR,100,210
THB,KR,125,335
THB,TW,105,275
THB,PL,90,215
THB,ZM,15,70
THB,PR,30,290
THB,CI,15,70
THB,RO,80,195
THB,BH,35,205
THB,PA,25,280
THB,GH,30,80
THB,KH,15,80
THB,SN,10,90
THB,SA,55,200
THB,RU,50,165
THB,UG,10,65
THB,BR,55,140
THB,NI,10,90
THB,MG,10,60
THB,DO,15,105
THB,MX,40,150
THB,OM,25,150
THB,CM,10,115
THB,ZA,50,160
THB,CL,50,155
THB,KE,15,65
THB,NP,10,60
THB,PE,30,130
THB,UA,30,95
THB,MZ,10,125
THB,TZ,5,30
THB,AO,25,70
THB,JO,20,95
THB,ZW,10,70
THB,TR,30,85
THB,MU,15,55
THB,SV,10,70
THB,TH,50,150
THB,CO,25,95
THB,LK,10,15
THB,CR,15,100
THB,AR,35,90
THB,MA,15,60
THB,MY,40,155
THB,KZ,20,65
THB,DZ,15,30
THB,ID,35,140
THB,NG,20,135
THB,GT,15,105
THB,VN,30,115
THB,BY,15,55
THB,EG,20,120
THB,UY,15,70
THB,BD,15,30
THB,PK,15,80
THB,PH,25,90
THB,ET,5,30
THB,TN,15,25
THB,LB,15,45
THB,IN,15,60
THB,PY,15,45
THB,UZ,15,30
THB,EC,15,50
THB,MM,15,20
THB,GE,15,20
TRY,US,85,245
TRY,CH,80,215
TRY,AU,75,190
TRY,GB,65,165
TRY,DE,65,165
TRY,DK,60,145
TRY,AT,45,135
TRY,NO,50,135
TRY,CA,55,165
TRY,NL,60,145
TRY,SE,45,125
TRY,IE,45,120
TRY,BE,40,125
TRY,FI,30,95
TRY,FR,40,105
TRY,NZ,40,115
TRY,HK,35,100
TRY,CZ,35,80
TRY,SK,30,70
TRY,AE,30,95
TRY,SG,40,120
TRY,IL,35,85
TRY,KW,15,75
TRY,IT,25,65
TRY,JP,30,85
TRY,ES,25,65
TRY,VE,5,50
TRY,HU,20,50
TRY,PT,20,55
TRY,GR,25,50
TRY,KR,30,80
TRY,TW,25,70
TRY,PL,20,55
TRY,ZM,5,20
TRY,PR,10,70
TRY,CI,5,15
TRY,RO,20,50
TRY,BH,10,50
TRY,PA,5,70
TRY,GH,5,20
TRY,KH,5,20
TRY,SN,5,20
TRY,SA,15,50
TRY,RU,15,40
TRY,UG,5,15
TRY,BR,15,35
TRY,NI,5,20
TRY,MG,5,15
TRY,DO,5,25
TRY,MX,10,40
TRY,OM,5,40
TRY,CM,5,30
TRY,ZA,10,40
TRY,CL,15,40
TRY,KE,5,15
TRY,NP,5,15
TRY,PE,10,30
TRY,UA,5,25
TRY,MZ,5,30
TRY,TZ,5,10
TRY,AO,5,15
TRY,JO,5,25
TRY,ZW,5,15
TRY,TR,10,20
TRY,MU,5,15
TRY,SV,5,15
TRY,TH,10,35
TRY,CO,5,25
TRY,LK,5,10
TRY,CR,5,25
TRY,AR,10,20
TRY,MA,5,15
TRY,MY,10,40
TRY,KZ,5,15
TRY,DZ,5,10
TRY,ID,10,35
TRY,NG,5,35
TRY,GT,5,25
TRY,VN,10,30
TRY,BY,5,15
TRY,EG,5,30
TRY,UY,5,15
TRY,BD,5,10
TRY,PK,5,20
TRY,PH,5,20
TRY,ET,5,10
TRY,TN,5,10
TRY,LB,5,10
TRY,IN,5,15
TRY,PY,5,10
TRY,UZ,5,10
TRY,EC,5,10
TRY,MM,5,10
TRY,GE,5,10
TWD,US,330,930
TWD,CH,310,810
TWD,AU,280,720
TWD,GB,245,625
TWD,DE,245,620
TWD,DK,225,555
TWD,AT,165,505
TWD,NO,185,515
TWD,CA,205,625
TWD,NL,220,555
TWD,SE,175,475
TWD,IE,175,455
TWD,BE,160,465
TWD,FI,120,360
TWD,FR,145,395
TWD,NZ,150,440
TWD,HK,135,385
TWD,CZ,130,310
TWD,SK,125,265
TWD,AE,115,365
TWD,SG,150,445
TWD,IL,130,320
TWD,KW,60,290
TWD,IT,90,235
TWD,JP,110,320
TWD,ES,90,245
TWD,VE,10,185
TWD,HU,80,180
TWD,PT,80,200
TWD,GR,95,195
TWD,KR,120,310
TWD,TW,95,255
TWD,PL,80,205
TWD,ZM,10,70
TWD,PR,30,270
TWD,CI,15,65
TWD,RO,75,180
TWD,BH,35,190
TWD,PA,25,260
TWD,GH,25,75
TWD,KH,15,75
TWD,SN,10,85
TWD,SA,50,190
TWD,RU,50,155
TWD,UG,10,60
TWD,BR,50,130
TWD,NI,10,80
TWD,MG,10,60
TWD,DO,15,95
TWD,MX,40,140
TWD,OM,25,140
TWD,CM,10,105
TWD,ZA,45,150
TWD,CL,50,145
TWD,KE,15,60
TWD,NP,10,55
TWD,PE,30,125
TWD,UA,30,85
TWD,MZ,10,115
TWD,TZ,5,25
TWD,AO,25,65
TWD,JO,20,90
TWD,ZW,10,65
TWD,TR,30,80
TWD,MU,15,50
TWD,SV,10,65
TWD,TH,45,140
TWD,CO,25,90
TWD,LK,10,15
TWD,CR,15,90
TWD,AR,30,85
TWD,MA,15,55
TWD,MY,40,145
TWD,KZ,15,60
TWD,DZ,15,30
TWD,ID,35,130
TWD,NG,20,125
TWD,GT,15,95
TWD,VN,30,110
TWD,BY,15,50
TWD,EG,20,110
TWD,UY,15,65
TWD,BD,10,25
TWD,PK,15,75
TWD,PH,20,80
TWD,ET,5,25
TWD,TN,15,25
TWD,LB,15,40
TWD,IN,15,60
TWD,PY,15,45
TWD,UZ,15,25
TWD,EC,15,45
TWD,MM,15,20
TWD,GE,15,20
UAH,US,330,935
UAH,CH,310,810
UAH,AU,280,720
UAH,GB,245,625
UAH,DE,245,620
UAH,DK,225,555
UAH,AT,165,505
UAH,NO,185,515
UAH,CA,205,625
UAH,NL,220,555
UAH,SE,175,475
UAH,IE,175,455
UAH,BE,160,465
UAH,FI,120,360
UAH,FR,145,395
UAH,NZ,150,440
UAH,HK,135,385
UAH,CZ,130,310
UAH,SK,125,265
UAH,AE,115,365
UAH,SG,150,445
UAH,IL,130,325
UAH,KW,60,290
UAH,IT,90,235
UAH,JP,115,320
UAH,ES,90,245
UAH,VE,10,185
UAH,HU,80,180
UAH,PT,80,200
UAH,GR,95,195
UAH,KR,120,315
UAH,TW,95,255
UAH,PL,80,205
UAH,ZM,10,70
UAH,PR,30,275
UAH,CI,15,65
UAH,RO,75,180
UAH,BH,35,190
UAH,PA,25,260
UAH,GH,25,75
UAH,KH,15,75
UAH,SN,10,85
UAH,SA,50,190
UAH,RU,50,155
UAH,UG,10,60
UAH,BR,50,130
UAH,NI,10,80
UAH,MG,10,60
UAH,DO,15,95
UAH,MX,40,140
UAH,OM,25,140
UAH,CM,10,105
UAH,ZA,45,150
UAH,CL,50,145
UAH,KE,15,60
UAH,NP,10,55
UAH,PE,30,125
UAH,UA,30,85
UAH,MZ,10,115
UAH,TZ,5,25
UAH,AO,25,65
UAH,JO,20,90
UAH,ZW,10,65
UAH,TR,30,80
UAH,MU,15,50
UAH,SV,10,65
UAH,TH,45,140
UAH,CO,25,90
UAH,LK,10,15
UAH,CR,15,90
UAH,AR,30,85
UAH,MA,15,55
UAH,MY,40,145
UAH,KZ,15,60
UAH,DZ,15,30
UAH,ID,35,130
UAH,NG,20,125
UAH,GT,15,95
UAH,VN,30,110
UAH,BY,15,50
UAH,EG,20,110
UAH,UY,15,65
UAH,BD,10,25
UAH,PK,15,75
UAH,PH,20,80
UAH,ET,5,25
UAH,TN,15,25
UAH,LB,15,40
UAH,IN,15,60
UAH,PY,15,45
UAH,UZ,15,25
UAH,EC,15,45
UAH,MM,15,20
UAH,GE,15,20
USD,US,10,35
USD,CH,10,30
USD,AU,10,25
USD,GB,10,20
USD,DE,10,20
USD,DK,10,20
USD,AT,5,20
USD,NO,5,20
USD,CA,5,20
USD,NL,10,20
USD,SE,5,15
USD,IE,5,15
USD,BE,5,15
USD,FI,5,15
USD,FR,5,15
USD,NZ,5,15
USD,HK,5,15
USD,CZ,5,10
USD,SK,5,10
USD,AE,5,15
USD,SG,5,15
USD,IL,5,10
USD,KW,5,10
USD,IT,5,10
USD,JP,5,10
USD,ES,5,10
USD,VE,5,10
USD,HU,5,10
USD,PT,5,10
USD,GR,5,10
USD,KR,5,10
USD,TW,5,10
USD,PL,5,10
USD,ZM,5,10
USD,PR,5,10
USD,CI,5,10
USD,RO,5,10
USD,BH,5,10
USD,PA,5,10
USD,GH,5,10
USD,KH,5,10
USD,SN,5,10
USD,SA,5,10
USD,RU,5,10
USD,UG,5,10
USD,BR,5,10
USD,NI,5,10
USD,MG,5,10
USD,DO,5,10
USD,MX,5,10
USD,OM,5,10
USD,CM,5,10
USD,ZA,5,10
USD,CL,5,10
USD,KE,5,10
USD,NP,5,10
USD,PE,5,10
USD,UA,5,10
USD,MZ,5,10
USD,TZ,5,10
USD,AO,5,10
USD,JO,5,10
USD,ZW,5,10
USD,TR,5,10
USD,MU,5,10
USD,SV,5,10
USD,TH,5,10
USD,CO,5,10
USD,LK,5,10
USD,CR,5,10
USD,AR,5,10
USD,MA,5,10
USD,MY,5,10
USD,KZ,5,10
USD,DZ,5,10
USD,ID,5,10
USD,NG,5,10
USD,GT,5,10
USD,VN,5,10
USD,BY,5,10
USD,EG,5,10
USD,UY,5,10
USD,BD,5,10
USD,PK,5,10
USD,PH,5,10
USD,ET,5,10
USD,TN,5,10
USD,LB,5,10
USD,IN,5,10
USD,PY,5,10
USD,UZ,5,10
USD,EC,5,10
USD,MM,5,10
USD,GE,5,10
VND,US,272110,767785
VND,CH,253755,667740
VND,AU,230890,592820
VND,GB,201305,515160
VND,DE,199775,510995
VND,DK,183805,456155
VND,AT,134120,416790
VND,NO,152020,424445
VND,CA,168050,515320
VND,NL,179795,456340
VND,SE,143915,389175
VND,IE,142415,375410
VND,BE,130965,383820
VND,FI,97910,297340
VND,FR,121230,324500
VND,NZ,123385,363230
VND,HK,112205,317315
VND,CZ,106975,256825
VND,SK,100925,218725
VND,AE,95240,298900
VND,SG,124270,367275
VND,IL,108450,265275
VND,KW,48915,238435
VND,IT,73820,194880
VND,JP,92560,263055
VND,ES,75885,200680
VND,VE,9950,153710
VND,HU,63945,148785
VND,PT,63835,166400
VND,GR,78710,161200
VND,KR,97045,256985
VND,TW,78875,211150
VND,PL,67490,167065
VND,ZM,9745,55615
VND,PR,23840,224105
VND,CI,13010,53765
VND,RO,61995,150005
VND,BH,28150,156065
VND,PA,18855,214215
VND,GH,22600,63065
VND,KH,13030,62565
VND,SN,9485,67975
VND,SA,40465,154935
VND,RU,40215,128320
VND,UG,9450,49675
VND,BR,42875,105710
VND,NI,9430,67690
VND,MG,9540,47985
VND,DO,11440,79555
VND,MX,32330,117005
VND,OM,20325,117010
VND,CM,9415,87195
VND,ZA,38525,124000
VND,CL,40140,119955
VND,KE,11585,50070
VND,NP,9415,45480
VND,PE,23975,100915
VND,UA,22855,71385
VND,MZ,9415,94695
VND,TZ,1190,21730
VND,AO,20880,54445
VND,JO,15395,73125
VND,ZW,9465,51890
VND,TR,24525,67110
VND,MU,12560,42925
VND,SV,9415,51990
VND,TH,36795,115775
VND,CO,18660,72220
VND,LK,9060,12515
VND,CR,11375,75570
VND,AR,25410,68830
VND,MA,11350,44545
VND,MY,32200,118425
VND,KZ,13775,50410
VND,DZ,11290,23900
VND,ID,28735,106590
VND,NG,16150,102165
VND,GT,11315,80010
VND,VN,23510,89095
VND,BY,11040,42975
VND,EG,14885,90930
VND,UY,11735,54085
VND,BD,9660,21390
VND,PK,10595,60980
VND,PH,18345,67700
VND,ET,2945,22425
VND,TN,11305,20480
VND,LB,11410,34110
VND,IN,10520,47520
VND,PY,11310,36360
VND,UZ,11315,22075
VND,EC,10995,37710
VND,MM,11315,12360
VND,GE,11355,14470
ZAR,US,180,510
ZAR,CH,170,440
ZAR,AU,155,390
ZAR,GB,135,340
ZAR,DE,130,340
ZAR,DK,120,300
ZAR,AT,90,275
ZAR,NO,100,280
ZAR,CA,110,340
ZAR,NL,120,300
ZAR,SE,95,255
ZAR,IE,95,250
ZAR,BE,85,255
ZAR,FI,65,195
ZAR,FR,80,215
ZAR,NZ,80,240
ZAR,HK,75,210
ZAR,CZ,70,170
ZAR,SK,65,145
ZAR,AE,65,200
ZAR,SG,80,245
ZAR,IL,70,175
ZAR,KW,30,160
ZAR,IT,50,130
ZAR,JP,60,175
ZAR,ES,50,135
ZAR,VE,5,100
ZAR,HU,40,100
ZAR,PT,40,110
ZAR,GR,50,105
ZAR,KR,65,170
ZAR,TW,50,140
ZAR,PL,45,110
ZAR,ZM,5,35
ZAR,PR,15,150
ZAR,CI,10,35
ZAR,RO,40,100
ZAR,BH,20,105
ZAR,PA,10,140
ZAR,GH,15,40
ZAR,KH,10,40
ZAR,SN,5,45
ZAR,SA,25,100
ZAR,RU,25,85
ZAR,UG,5,35
ZAR,BR,30,70
ZAR,NI,5,45
ZAR,MG,5,30
ZAR,DO,10,55
ZAR,MX,20,75
ZAR,OM,15,75
ZAR,CM,5,60
ZAR,ZA,25,80
ZAR,CL,25,80
ZAR,KE,10,35
ZAR,NP,5,30
ZAR,PE,15,65
ZAR,UA,15,45
ZAR,MZ,5,65
ZAR,TZ,5,15
ZAR,AO,15,35
ZAR,JO,10,50
ZAR,ZW,5,35
ZAR,TR,15,45
ZAR,MU,10,30
ZAR,SV,5,35
ZAR,TH,25,75
ZAR,CO,10,50
ZAR,LK,5,10
ZAR,CR,10,50
ZAR,AR,15,45
ZAR,MA,10,30
ZAR,MY,20,80
ZAR,KZ,10,35
ZAR,DZ,5,15
ZAR,ID,20,70
ZAR,NG,10,70
ZAR,GT,5,55
ZAR,VN,15,60
ZAR,BY,5,30
ZAR,EG,10,60
ZAR,UY,10,35
ZAR,BD,5,15
ZAR,PK,5,40
ZAR,PH,10,45
ZAR,ET,5,15
ZAR,TN,5,15
ZAR,LB,10,25
ZAR,IN,5,30
ZAR,PY,5,25
ZAR,UZ,5,15
ZAR,EC,5,25
ZAR,MM,5,10
ZAR,GE,10,15
